
insert into categories (id, name, keyword, state, created_at) values (19835,'Vitaminas y Complementos','vitaminas-y-complementos','A',CURRENT_TIMESTAMP);
insert into categories (id, name, keyword, state, created_at) values (17437,'Óptica','optica','A',CURRENT_TIMESTAMP);
insert into categories (id, name, keyword, state, created_at) values (13218,'Antibacterianos para uso sistémico','antibacterianos-para-uso-sistemico','A',CURRENT_TIMESTAMP);
insert into categories (id, name, keyword, state, created_at) values (12642,'Infecciones y Otros','infecciones-y-otros','A',CURRENT_TIMESTAMP);
insert into categories (id, name, keyword, state, created_at) values (9070,'Antineoplásicos e Inmunomoduladores','antineoplasicos-e-inmunomoduladores','A',CURRENT_TIMESTAMP);
insert into categories (id, name, keyword, state, created_at) values (2846,'Nutrición','nutricion','A',CURRENT_TIMESTAMP);
insert into categories (id, name, keyword, state, created_at) values (2840,'Preparados Estomatológicos','preparados-estomatologicos','A',CURRENT_TIMESTAMP);
insert into categories (id, name, keyword, state, created_at) values (2833,'Otológicos','otologicos','A',CURRENT_TIMESTAMP);
insert into categories (id, name, keyword, state, created_at) values (1653,'Sistema Óseo y Articulaciones','sistema-oseo-y-articulaciones','A',CURRENT_TIMESTAMP);
insert into categories (id, name, keyword, state, created_at) values (1652,'Sistema Nervioso','sistema-nervioso','A',CURRENT_TIMESTAMP);
insert into categories (id, name, keyword, state, created_at) values (323,'Productos Galénicos','productos-galenicos','A',CURRENT_TIMESTAMP);
insert into categories (id, name, keyword, state, created_at) values (315,'Cuidado de la Mujer','cuidado-de-la-mujer','A',CURRENT_TIMESTAMP);
insert into categories (id, name, keyword, state, created_at) values (308,'Soluciones Fisiológicas','soluciones-fisiologicas','A',CURRENT_TIMESTAMP);
insert into categories (id, name, keyword, state, created_at) values (298,'Hormonas','hormonas','A',CURRENT_TIMESTAMP);
insert into categories (id, name, keyword, state, created_at) values (288,'Sistema Sanguíneo','sistema-sanguineo','A',CURRENT_TIMESTAMP);
insert into categories (id, name, keyword, state, created_at) values (264,'Sistema Urinario','sistema-urinario','A',CURRENT_TIMESTAMP);
insert into categories (id, name, keyword, state, created_at) values (249,'Problemas Generales','problemas-generales','A',CURRENT_TIMESTAMP);
insert into categories (id, name, keyword, state, created_at) values (228,'Sistema Cardiovascular','sistema-cardiovascular','A',CURRENT_TIMESTAMP);
insert into categories (id, name, keyword, state, created_at) values (199,'Sistema  Respiratorio','sistema--respiratorio','A',CURRENT_TIMESTAMP);
insert into categories (id, name, keyword, state, created_at) values (164,'Oftalmológicos','oftalmologicos','A',CURRENT_TIMESTAMP);
insert into categories (id, name, keyword, state, created_at) values (118,'Dispositivos Quirúrgicos','dispositivos-quirurgicos','A',CURRENT_TIMESTAMP);
insert into categories (id, name, keyword, state, created_at) values (63,'Cuidado Dermatológico','cuidado-dermatologico','A',CURRENT_TIMESTAMP);
insert into categories (id, name, keyword, state, created_at) values (4,'Sistema Digestivo','sistema-digestivo','A',CURRENT_TIMESTAMP);



insert into subcategories (id, name, keyword, category_id, state, created_at) values (213,'Vitamina A','vitamina-a',19835,'A',CURRENT_TIMESTAMP);
insert into subcategories (id, name, keyword, category_id, state, created_at) values (172,'Vitamina B','vitamina-b',19835,'A',CURRENT_TIMESTAMP);
insert into subcategories (id, name, keyword, category_id, state, created_at) values (68,'Vitamina C','vitamina-c',19835,'A',CURRENT_TIMESTAMP);
insert into subcategories (id, name, keyword, category_id, state, created_at) values (17,'Vitamina D','vitamina-d',19835,'A',CURRENT_TIMESTAMP);
insert into subcategories (id, name, keyword, category_id, state, created_at) values (202,'Multivitamínicos','multivitaminicos',19835,'A',CURRENT_TIMESTAMP);
insert into subcategories (id, name, keyword, category_id, state, created_at) values (17453,'Desinfección Lentes de Contacto','desinfeccion-lentes-de-contacto',17437,'A',CURRENT_TIMESTAMP);
insert into subcategories (id, name, keyword, category_id, state, created_at) values (17454,'Lentes de Contacto','lentes-de-contacto',17437,'A',CURRENT_TIMESTAMP);
insert into subcategories (id, name, keyword, category_id, state, created_at) values (17455,'Soluciones Oftálmicas','soluciones-oftalmicas',17437,'A',CURRENT_TIMESTAMP);
insert into subcategories (id, name, keyword, category_id, state, created_at) values (17436,'Parches Oculares','parches-oculares',17437,'A',CURRENT_TIMESTAMP);
insert into subcategories (id, name, keyword, category_id, state, created_at) values (47553,'Otros antibacterianos','otros-antibacterianos',13218,'A',CURRENT_TIMESTAMP);
insert into subcategories (id, name, keyword, category_id, state, created_at) values (257,'Antivirales','antivirales',12642,'A',CURRENT_TIMESTAMP);
insert into subcategories (id, name, keyword, category_id, state, created_at) values (15192,'Antiandrógenos','antiandrogenos',9070,'A',CURRENT_TIMESTAMP);
insert into subcategories (id, name, keyword, category_id, state, created_at) values (13824,'Antiestrógenos','antiestrogenos',9070,'A',CURRENT_TIMESTAMP);
insert into subcategories (id, name, keyword, category_id, state, created_at) values (9063,'Antineoplásicos','antineoplasicos',9070,'A',CURRENT_TIMESTAMP);
insert into subcategories (id, name, keyword, category_id, state, created_at) values (9069,'Terapia Endocrina','terapia-endocrina',9070,'A',CURRENT_TIMESTAMP);
insert into subcategories (id, name, keyword, category_id, state, created_at) values (19828,'Antianémicos','antianemicos',2846,'A',CURRENT_TIMESTAMP);
insert into subcategories (id, name, keyword, category_id, state, created_at) values (2841,'Tratamiento Oral','tratamiento-oral',2840,'A',CURRENT_TIMESTAMP);
insert into subcategories (id, name, keyword, category_id, state, created_at) values (2824,'Antiinfeccioso','antiinfeccioso',2833,'A',CURRENT_TIMESTAMP);
insert into subcategories (id, name, keyword, category_id, state, created_at) values (2834,'Analgésico y Anestésico','analgesico-y-anestesico',2833,'A',CURRENT_TIMESTAMP);
insert into subcategories (id, name, keyword, category_id, state, created_at) values (14059,'Osteoartritis y Periodontopatías','osteoartritis-y-periodontopatias',1653,'A',CURRENT_TIMESTAMP);
insert into subcategories (id, name, keyword, category_id, state, created_at) values (1650,'Osteoporosis','osteoporosis',1653,'A',CURRENT_TIMESTAMP);
insert into subcategories (id, name, keyword, category_id, state, created_at) values (9086,'Antiepilépticos','antiepilepticos',1652,'A',CURRENT_TIMESTAMP);
insert into subcategories (id, name, keyword, category_id, state, created_at) values (9087,'Psicoanalépticos','psicoanalepticos',1652,'A',CURRENT_TIMESTAMP);
insert into subcategories (id, name, keyword, category_id, state, created_at) values (25924,'Otros','otros-17',1652,'A',CURRENT_TIMESTAMP);
insert into subcategories (id, name, keyword, category_id, state, created_at) values (1651,'Antivertiginoso','antivertiginoso',1652,'A',CURRENT_TIMESTAMP);
insert into subcategories (id, name, keyword, category_id, state, created_at) values (1649,'Antiparkinsonianos','antiparkinsonianos',1652,'A',CURRENT_TIMESTAMP);
insert into subcategories (id, name, keyword, category_id, state, created_at) values (153,'Síntomas Menstruales','sintomas-menstruales',315,'A',CURRENT_TIMESTAMP);
insert into subcategories (id, name, keyword, category_id, state, created_at) values (108,'Antimenospausico','antimenospausico',315,'A',CURRENT_TIMESTAMP);
insert into subcategories (id, name, keyword, category_id, state, created_at) values (56,'Cremas/Óvulos vaginales','cremasovulos-vaginales',315,'A',CURRENT_TIMESTAMP);
insert into subcategories (id, name, keyword, category_id, state, created_at) values (26111,'Otros','otros-18',298,'A',CURRENT_TIMESTAMP);
insert into subcategories (id, name, keyword, category_id, state, created_at) values (246,'Insulinas','insulinas',298,'A',CURRENT_TIMESTAMP);
insert into subcategories (id, name, keyword, category_id, state, created_at) values (223,'Antidiabéticos','antidiabeticos',298,'A',CURRENT_TIMESTAMP);
insert into subcategories (id, name, keyword, category_id, state, created_at) values (190,'Anticonceptivos','anticonceptivos',298,'A',CURRENT_TIMESTAMP);
insert into subcategories (id, name, keyword, category_id, state, created_at) values (154,'Reguladores de Hormonas','reguladores-de-hormonas',298,'A',CURRENT_TIMESTAMP);
insert into subcategories (id, name, keyword, category_id, state, created_at) values (104,'Tiroides/Antitiroides','tiroidesantitiroides',298,'A',CURRENT_TIMESTAMP);
insert into subcategories (id, name, keyword, category_id, state, created_at) values (51,'Andrógenos/Antiandrógenos','androgenosantiandrogenos',298,'A',CURRENT_TIMESTAMP);
insert into subcategories (id, name, keyword, category_id, state, created_at) values (9543,'Antitrombóticos','antitromboticos-1',288,'A',CURRENT_TIMESTAMP);
insert into subcategories (id, name, keyword, category_id, state, created_at) values (2842,'Antihemorrágicos','antihemorragicos',288,'A',CURRENT_TIMESTAMP);
insert into subcategories (id, name, keyword, category_id, state, created_at) values (188,'Antivaricosos','antivaricosos',288,'A',CURRENT_TIMESTAMP);
insert into subcategories (id, name, keyword, category_id, state, created_at) values (151,'Antiagregantes Plaquetarios','antiagregantes-plaquetarios',288,'A',CURRENT_TIMESTAMP);
insert into subcategories (id, name, keyword, category_id, state, created_at) values (19831,'Antianémicos','antianemicos-1',288,'A',CURRENT_TIMESTAMP);
insert into subcategories (id, name, keyword, category_id, state, created_at) values (48,'Anticoagulantes/Trombolíticos','anticoagulantestromboliticos',288,'A',CURRENT_TIMESTAMP);
insert into subcategories (id, name, keyword, category_id, state, created_at) values (260,'Antiespasmódicos Urinarios','antiespasmodicos-urinarios',264,'A',CURRENT_TIMESTAMP);
insert into subcategories (id, name, keyword, category_id, state, created_at) values (241,'Diuréticos','diureticos',264,'A',CURRENT_TIMESTAMP);
insert into subcategories (id, name, keyword, category_id, state, created_at) values (5385,'Antibióticos','antibioticos-2',264,'A',CURRENT_TIMESTAMP);
insert into subcategories (id, name, keyword, category_id, state, created_at) values (179,'Difunción Eréctil','difuncion-erectil',264,'A',CURRENT_TIMESTAMP);
insert into subcategories (id, name, keyword, category_id, state, created_at) values (135,'Antiprostáticos','antiprostaticos',264,'A',CURRENT_TIMESTAMP);
insert into subcategories (id, name, keyword, category_id, state, created_at) values (12836,'Problemas Urinarios','problemas-urinarios-1',264,'A',CURRENT_TIMESTAMP);
insert into subcategories (id, name, keyword, category_id, state, created_at) values (32,'Antigotosos y Uricasuricos','antigotosos-y-uricasuricos',264,'A',CURRENT_TIMESTAMP);
insert into subcategories (id, name, keyword, category_id, state, created_at) values (17615,'Corticosteroide sistémico','corticosteroide-sistemico',249,'A',CURRENT_TIMESTAMP);
insert into subcategories (id, name, keyword, category_id, state, created_at) values (17617,'Acidosis metabólicas','acidosis-metabolicas',249,'A',CURRENT_TIMESTAMP);
insert into subcategories (id, name, keyword, category_id, state, created_at) values (16839,'Suplemento Dietario','suplemento-dietario',249,'A',CURRENT_TIMESTAMP);
insert into subcategories (id, name, keyword, category_id, state, created_at) values (14060,'Insomnio','insomnio',249,'A',CURRENT_TIMESTAMP);
insert into subcategories (id, name, keyword, category_id, state, created_at) values (13830,'Corticoides','corticoides',249,'A',CURRENT_TIMESTAMP);
insert into subcategories (id, name, keyword, category_id, state, created_at) values (2851,'Antibacteriano de Uso Sistémico','antibacteriano-de-uso-sistemico',249,'A',CURRENT_TIMESTAMP);
insert into subcategories (id, name, keyword, category_id, state, created_at) values (20526,'Otros','otros-13',249,'A',CURRENT_TIMESTAMP);
insert into subcategories (id, name, keyword, category_id, state, created_at) values (10317,'Analgésico y Antiinflamatorios','analgesico-y-antiinflamatorios',249,'A',CURRENT_TIMESTAMP);
insert into subcategories (id, name, keyword, category_id, state, created_at) values (240,'Analgésico y Antipirético','analgesico-y-antipiretico',249,'A',CURRENT_TIMESTAMP);
insert into subcategories (id, name, keyword, category_id, state, created_at) values (210,'Relajantes Musculares','relajantes-musculares',249,'A',CURRENT_TIMESTAMP);
insert into subcategories (id, name, keyword, category_id, state, created_at) values (12828,'Sedantes','sedantes-1',249,'A',CURRENT_TIMESTAMP);
insert into subcategories (id, name, keyword, category_id, state, created_at) values (138,'Anestésicos Tópico','anestesicos-topico',249,'A',CURRENT_TIMESTAMP);
insert into subcategories (id, name, keyword, category_id, state, created_at) values (79,'Antimigrañosos','antimigrañosos',249,'A',CURRENT_TIMESTAMP);
insert into subcategories (id, name, keyword, category_id, state, created_at) values (26,'Mal de Altura','mal-de-altura',249,'A',CURRENT_TIMESTAMP);
insert into subcategories (id, name, keyword, category_id, state, created_at) values (2861,'Modificadores de Lípidos','modificadores-de-lipidos',228,'A',CURRENT_TIMESTAMP);
insert into subcategories (id, name, keyword, category_id, state, created_at) values (19838,'Otros','otros-12',228,'A',CURRENT_TIMESTAMP);
insert into subcategories (id, name, keyword, category_id, state, created_at) values (161,'Antiarrítmicos','antiarritmicos',228,'A',CURRENT_TIMESTAMP);
insert into subcategories (id, name, keyword, category_id, state, created_at) values (98,'Antianginosos','antianginosos',228,'A',CURRENT_TIMESTAMP);
insert into subcategories (id, name, keyword, category_id, state, created_at) values (25,'Antihipertensivos','antihipertensivos',228,'A',CURRENT_TIMESTAMP);
insert into subcategories (id, name, keyword, category_id, state, created_at) values (2864,'Descongestionantes','descongestionantes',199,'A',CURRENT_TIMESTAMP);
insert into subcategories (id, name, keyword, category_id, state, created_at) values (2853,'Broncodilatador y Expectorante','broncodilatador-y-expectorante',199,'A',CURRENT_TIMESTAMP);
insert into subcategories (id, name, keyword, category_id, state, created_at) values (2849,'Mucolíticos','mucoliticos',199,'A',CURRENT_TIMESTAMP);
insert into subcategories (id, name, keyword, category_id, state, created_at) values (2835,'Tos y Resfrío','tos-y-resfrio',199,'A',CURRENT_TIMESTAMP);
insert into subcategories (id, name, keyword, category_id, state, created_at) values (26056,'Antiasmáticos','antiasmaticos',199,'A',CURRENT_TIMESTAMP);
insert into subcategories (id, name, keyword, category_id, state, created_at) values (9,'Antibióticos','antibioticos',199,'A',CURRENT_TIMESTAMP);
insert into subcategories (id, name, keyword, category_id, state, created_at) values (273,'Preparaciones Nasales Tópicas','preparaciones-nasales-topicas',199,'A',CURRENT_TIMESTAMP);
insert into subcategories (id, name, keyword, category_id, state, created_at) values (255,'Dolor de Garganta','dolor-de-garganta',199,'A',CURRENT_TIMESTAMP);
insert into subcategories (id, name, keyword, category_id, state, created_at) values (26120,'Otros','otros-21',199,'A',CURRENT_TIMESTAMP);
insert into subcategories (id, name, keyword, category_id, state, created_at) values (5273,'Antihistamínicos','antihistaminicos-1',199,'A',CURRENT_TIMESTAMP);
insert into subcategories (id, name, keyword, category_id, state, created_at) values (12824,'Antigripales','antigripales-1',199,'A',CURRENT_TIMESTAMP);
insert into subcategories (id, name, keyword, category_id, state, created_at) values (69,'Antitusígenos','antitusigenos',199,'A',CURRENT_TIMESTAMP);
insert into subcategories (id, name, keyword, category_id, state, created_at) values (22298,'Otros','otros-14',164,'A',CURRENT_TIMESTAMP);
insert into subcategories (id, name, keyword, category_id, state, created_at) values (2832,'Antiglaucomatosos','antiglaucomatosos',164,'A',CURRENT_TIMESTAMP);
insert into subcategories (id, name, keyword, category_id, state, created_at) values (5383,'Antiinfeccioso','antiinfeccioso-1',164,'A',CURRENT_TIMESTAMP);
insert into subcategories (id, name, keyword, category_id, state, created_at) values (215,'Antiinflamatorios Oftálmicos','antiinflamatorios-oftalmicos',164,'A',CURRENT_TIMESTAMP);
insert into subcategories (id, name, keyword, category_id, state, created_at) values (177,'Lagrimas artificiales/Lubricantes Oftálmicos','lagrimas-artificialeslubricantes-oftalmicos',164,'A',CURRENT_TIMESTAMP);
insert into subcategories (id, name, keyword, category_id, state, created_at) values (130,'Descongestionante Oftálmico','descongestionante-oftalmico',164,'A',CURRENT_TIMESTAMP);
insert into subcategories (id, name, keyword, category_id, state, created_at) values (72,'Antibióticos Oftálmicos','antibioticos-oftalmicos',164,'A',CURRENT_TIMESTAMP);
insert into subcategories (id, name, keyword, category_id, state, created_at) values (13,'Antisépticos','antisepticos',164,'A',CURRENT_TIMESTAMP);
insert into subcategories (id, name, keyword, category_id, state, created_at) values (156,'Agujas','agujas',118,'A',CURRENT_TIMESTAMP);
insert into subcategories (id, name, keyword, category_id, state, created_at) values (83,'Jeringas','jeringas',118,'A',CURRENT_TIMESTAMP);
insert into subcategories (id, name, keyword, category_id, state, created_at) values (47558,'Material Médico','material-medico',118,'A',CURRENT_TIMESTAMP);
insert into subcategories (id, name, keyword, category_id, state, created_at) values (9541,'Antimicótico','antimicotico',63,'A',CURRENT_TIMESTAMP);
insert into subcategories (id, name, keyword, category_id, state, created_at) values (6544,'Tratamiento Antiviral','tratamiento-antiviral',63,'A',CURRENT_TIMESTAMP);
insert into subcategories (id, name, keyword, category_id, state, created_at) values (2852,'Tratamiento en Quemaduras','tratamiento-en-quemaduras',63,'A',CURRENT_TIMESTAMP);
insert into subcategories (id, name, keyword, category_id, state, created_at) values (2848,'Corticoide con Antibióticos','corticoide-con-antibioticos',63,'A',CURRENT_TIMESTAMP);
insert into subcategories (id, name, keyword, category_id, state, created_at) values (2843,'Tratamiento de Acné','tratamiento-de-acne',63,'A',CURRENT_TIMESTAMP);
insert into subcategories (id, name, keyword, category_id, state, created_at) values (318,'Tratamiento para Escaldadura','tratamiento-para-escaldadura',63,'A',CURRENT_TIMESTAMP);
insert into subcategories (id, name, keyword, category_id, state, created_at) values (313,'Antisépticos y Desinfectantes','antisepticos-y-desinfectantes',63,'A',CURRENT_TIMESTAMP);
insert into subcategories (id, name, keyword, category_id, state, created_at) values (303,'Antihistamínicos','antihistaminicos',63,'A',CURRENT_TIMESTAMP);
insert into subcategories (id, name, keyword, category_id, state, created_at) values (294,'Antipruriginoso','antipruriginoso',63,'A',CURRENT_TIMESTAMP);
insert into subcategories (id, name, keyword, category_id, state, created_at) values (285,'Antitromboticos','antitromboticos',63,'A',CURRENT_TIMESTAMP);
insert into subcategories (id, name, keyword, category_id, state, created_at) values (270,'Antimicóticos','antimicoticos',63,'A',CURRENT_TIMESTAMP);
insert into subcategories (id, name, keyword, category_id, state, created_at) values (12641,'Antivirales','antivirales-1',63,'A',CURRENT_TIMESTAMP);
insert into subcategories (id, name, keyword, category_id, state, created_at) values (239,'Antibacteriano Dérmico','antibacteriano-dermico',63,'A',CURRENT_TIMESTAMP);
insert into subcategories (id, name, keyword, category_id, state, created_at) values (26121,'Otros','otros-22',63,'A',CURRENT_TIMESTAMP);
insert into subcategories (id, name, keyword, category_id, state, created_at) values (181,'cicatrizantes /Heridas/ Otros','cicatrizantes-heridas-otros',63,'A',CURRENT_TIMESTAMP);
insert into subcategories (id, name, keyword, category_id, state, created_at) values (127,'Corticoides Dérmico','corticoides-dermico',63,'A',CURRENT_TIMESTAMP);
insert into subcategories (id, name, keyword, category_id, state, created_at) values (75,'Antiinflamatorios/ Antirreumaticos Dérmicos','antiinflamatorios-antirreumaticos-dermicos',63,'A',CURRENT_TIMESTAMP);
insert into subcategories (id, name, keyword, category_id, state, created_at) values (8297,'Antibióticos','antibioticos-3',63,'A',CURRENT_TIMESTAMP);
insert into subcategories (id, name, keyword, category_id, state, created_at) values (22804,'Otros','otros-16',4,'A',CURRENT_TIMESTAMP);
insert into subcategories (id, name, keyword, category_id, state, created_at) values (2836,'Estimulantes del Apetito','estimulantes-del-apetito',4,'A',CURRENT_TIMESTAMP);
insert into subcategories (id, name, keyword, category_id, state, created_at) values (333,'Hepatoprotectores','hepatoprotectores',4,'A',CURRENT_TIMESTAMP);
insert into subcategories (id, name, keyword, category_id, state, created_at) values (331,'Antiflatulentos','antiflatulentos',4,'A',CURRENT_TIMESTAMP);
insert into subcategories (id, name, keyword, category_id, state, created_at) values (329,'Antiácidos','antiacidos',4,'A',CURRENT_TIMESTAMP);
insert into subcategories (id, name, keyword, category_id, state, created_at) values (328,'Antiespasmódicos','antiespasmodicos',4,'A',CURRENT_TIMESTAMP);
insert into subcategories (id, name, keyword, category_id, state, created_at) values (326,'Rehidratantes','rehidratantes',4,'A',CURRENT_TIMESTAMP);
insert into subcategories (id, name, keyword, category_id, state, created_at) values (324,'Antiinfecciosos/Antisépticos Bucal','antiinfecciososantisepticos-bucal',4,'A',CURRENT_TIMESTAMP);
insert into subcategories (id, name, keyword, category_id, state, created_at) values (5324,'Antibióticos','antibioticos-1',4,'A',CURRENT_TIMESTAMP);
insert into subcategories (id, name, keyword, category_id, state, created_at) values (309,'Antiulcerosos/Protector Gástrico','antiulcerososprotector-gastrico',4,'A',CURRENT_TIMESTAMP);
insert into subcategories (id, name, keyword, category_id, state, created_at) values (300,'Digestivos','digestivos',4,'A',CURRENT_TIMESTAMP);
insert into subcategories (id, name, keyword, category_id, state, created_at) values (289,'Antihemorroidales','antihemorroidales',4,'A',CURRENT_TIMESTAMP);
insert into subcategories (id, name, keyword, category_id, state, created_at) values (279,'Reposición de Electrolitos','reposicion-de-electrolitos',4,'A',CURRENT_TIMESTAMP);
insert into subcategories (id, name, keyword, category_id, state, created_at) values (268,'Reductores de Grasa','reductores-de-grasa',4,'A',CURRENT_TIMESTAMP);
insert into subcategories (id, name, keyword, category_id, state, created_at) values (252,'Hipolipemiantes','hipolipemiantes',4,'A',CURRENT_TIMESTAMP);
insert into subcategories (id, name, keyword, category_id, state, created_at) values (230,'Antieméticos','antiemeticos',4,'A',CURRENT_TIMESTAMP);
insert into subcategories (id, name, keyword, category_id, state, created_at) values (20536,'Laxantes','laxantes-1',4,'A',CURRENT_TIMESTAMP);
insert into subcategories (id, name, keyword, category_id, state, created_at) values (167,'Flora Intestinal','flora-intestinal',4,'A',CURRENT_TIMESTAMP);
insert into subcategories (id, name, keyword, category_id, state, created_at) values (123,'Antidiarreicos','antidiarreicos',4,'A',CURRENT_TIMESTAMP);
insert into subcategories (id, name, keyword, category_id, state, created_at) values (5,'Antiparasitario','antiparasitario',4,'A',CURRENT_TIMESTAMP);



insert into products (id, name, description, price, prescription, precaution, side_effect, presentation, stock, unit_measure, subcategory_id, state, updated_at) values (1, 'Prevencel Cápsula Blanda','',64.6,'PRESENTA RECETA','ADVERTENCIAS Y PRECAUCIONES: PREVENCEL Antioxidante debe utilizarse solo en personas adultas. En razón que los componentes de PREVENCEL Antioxidante son constituyentes habituales del organismo y esenciales para la vida normal, la administración a las dosis recomendadas, no implica ningún riesgo durante el embarazo y la lactancia. La absorción de vitamina E puede estar alterada en casos de síndrome de mala absorción. No usar en pacientes con degeneración hepatolenticular (enfermedad de Wilson). No superar la dosis diaria recomendada. Este producto no debe utilizarse como sustituto de una dieta equilibrada. Manténgase fuera del alcance de los niños.','Hipersensibilidad conocida a alguno de los componentes. Se considerará cuidadosamente la relación riesgo/beneficio en las siguientes circunstancias: Hipoprotrombinemia unida a déficit de vitamina K (puede agravarse por dosis altas de vitamina E). Anemia ferropénica (eventual reducción de la respuesta hematológica a los suplementos de hierro). Altas dosis de vitamina C puede acrecentar el riesgo en las siguientes condiciones: Déficit de glucosa-6-fosfato deshidrogenasa, hemocromatosis, talasemia, hiperoxaluria o antecedentes de litiasis renal, anemia de células falciformes.','CAJA',30,'UN',202,'A',CURRENT_TIMESTAMP);
insert into products (id, name, description, price, prescription, precaution, side_effect, presentation, stock, unit_measure, subcategory_id, state, updated_at) values (2, 'Endovit Plus Solución Inyectables','Indicado para estados deficitarios de vitaminas y minerales, como en dietas inadecuadas de adelgazamiento, vegetarianas u otras, falta de apetito y convalecencias.',65.7,'PRESENTA RECETA','Usar con precaución el uso exagerado puede causar hipervitaminosis.','No usar en pacientes con hipersensibilidad conocida al fármaco o a cualquiera de los componentes de su formulación.','CAJA',5,'UN',202,'A',CURRENT_TIMESTAMP);
insert into products (id, name, description, price, prescription, precaution, side_effect, presentation, stock, unit_measure, subcategory_id, state, updated_at) values (3, 'Vitacose Plus Solución Inyectable','',15.2,'PRESENTA RECETA','ADVERTENCIAS Y PRECAUCIONES: Vitacose® Plus Solución Inyectable contiene sodio, cada 5 ml lista para usar para la solución inyectable, pero menos de 1 mmol (23 mg) de sodio. Fertilidad, embarazo y lactancia: Para los productos en combinación con Vitacose® Plus Solución Inyectable no existen datos clínicos sobre embarazos expuestos y/o la lactancia. Una aplicación de Vitacose® Plus Solución Inyectable en el embarazo y la lactancia sólo debe hacerse si es estrictamente necesario. Efectos sobre la capacidad para conducir y la capacidad de utilizar maquinaria: Vitacose® Plus Solución Inyectable no tiene influencia sobre la capacidad para conducir y utilizar máquinas. Contiene alcohol bencílico, por lo que no se debe administrar a niños prematuros ni recién nacidos. Puede provocar reacciones tóxicas y reacciones alérgicas en niños de hasta 3 años de edad.','La presencia de una lesión inflamatoria en el área de aplicación. Se sospecha de hipersensibilidad de ácido fólico. Hipersensibilidad a los principios activos o a cualquiera de los componentes de la fórmula, ver ítem de composición. La anemia megaloblástica debido a una deficiencia aislada de vitamina B12, la deficiencia de ácido fólico.','CAJA',1,'un',202,'A',CURRENT_TIMESTAMP);
insert into products (id, name, description, price, prescription, precaution, side_effect, presentation, stock, unit_measure, subcategory_id, state, updated_at) values (4, 'Trimetabol CIP Solución Oral','',20.9,'PRESENTA RECETA','ADVERTENCIAS Y PRECAUCIONES: Tenga especial cuidado con TRIMETABOL° CIP: Si presenta historial de asma bronquial, hipertiroidismo, enfermedades cardiovasculares, hipertensión y presión intraocular aumentada. El buen sabor de TRIMETABOL° CIP puede inducir a los niños a ingerir cantidades excesivas del medicamento, por lo que conviene mantenerlo fuera de su alcance. Uso de TRIMETABOL® CIP con otros medicamentos Informe a su médico o farmacéutico si está utilizando o ha utilizado recientemente otros medicamentos, incluso los adquiridos sin receta. No conviene tomarlo conjuntamente con barbitúricos, benzodiacepinas y otros depresores del SNC (medicamentos que generalmente se utilizan para ayudar a dormir), antidepresivos inhibidores selectivos de la receptación de serotonina como la fluoxetina, alcalinizantes, simpaticomimeticos, anticoagulantes orales, estrógenos, progesterona, difenilhidantoína, griseofulvina e inhibidores de la MAO. Par mayor información. Leer Inserto.','No tome TRIMETABOL° CIP Si es alérgico (hipersensible) a la ciproheptadina o a cualquiera de los demás componentes del medicamento. En caso de crisis asmática. En caso de porfiria (trastorno hereditario de la hemoglobina de la sangre).','FRASCO',1,'ML',202,'A',CURRENT_TIMESTAMP);
insert into products (id, name, description, price, prescription, precaution, side_effect, presentation, stock, unit_measure, subcategory_id, state, updated_at) values (5, 'Dynamogén solución Oral','',46.8,'PRESENTA RECETA','Se debe administrar con precaución en pacientes ancianos, con hipertrofia prostática sintomática y en enfermos con glaucoma de ángulo cerrado. Uso durante el embarazo y lactancia Por precaución no debe utilizarse durante el embarazo o lactancia. ADVERTENCIAS: Debido a sus propiedades farmacológicas (somnolencia), dynamogén puede producir una disminución de la capacidad para conducir vehículos o utilizar maquinaria peligrosa.','El riesgo-beneficio se debe considerar si existen los siguientes problemas médicos: - Obstrucción del cuello vesical, hipertrofia prostática sintomática o predisposición o la retención urinaria. Glaucoma de ángulo cerrado o abierto. Hipersensibilidad a la ciproheptadina. Estenosis o úlcera péptica. Obstrucción píloro-duodenal.  Por su contenido en ?-Cetoglutarato de Ciproheptadina, no debe utilizarse en madres lactantes ni en niños prematuros o recién nacidos.','CAJA',20,'UN',202,'A',CURRENT_TIMESTAMP);
insert into products (id, name, description, price, prescription, precaution, side_effect, presentation, stock, unit_measure, subcategory_id, state, updated_at) values (6, 'Adecerol Emulsión Bebible','Indicado como suplemento vitamínico de vitaminas A, C y D.',26.3,'PRESENTA RECETA','Usar con precaución en pacientes con insuficiencia hepática y renal.','No usar en pacientes con hipersensibilidad conocida al fármaco o a cualquiera de los componentes de su formulación.','FRASCO',1,'ML',213,'A',CURRENT_TIMESTAMP);
insert into products (id, name, description, price, prescription, precaution, side_effect, presentation, stock, unit_measure, subcategory_id, state, updated_at) values (7, 'Vitadrin Solución Oral','',26.4,'PRESENTA RECETA','ADVERTENCIA Y PRECAUCIONES: Embarazo: Problemas en humanos no se han documentado con la administración normal diaria recomendada de los componentes de VITADRIN Solución Oral. Vitamina A cruza la placenta solamente en un rango limitado. Anormalidades fetales (incluyendo malformaciones del tracto urinario), crecimiento retardado, y cierre precoz epifisario se han reportado en niños cuyas madres ingirieron un exceso de vitamina A durante el embarazo. Las dosis diarias de los suplementos de vitamina A no deberán exceder 1 800 RE (6 000 U.I). ADVERTENCIA: No administrar dosis mayores a la recomendad por su médico. Es importante tener una nutrición apropiada, el suplemento vitamínico puede ser necesario debido a un régimen alimenticio inadecuado. Consultar con su médico si va a tomar otros medicamentos que contengan algún componente de Vitadrin Solución Oral. No usar las vitaminas como sustitutos de un régimen nutricional balanceado. Para mayor información. Leer Inserto.','Excepto bajo circunstancias especiales, no se debe usar este medicamento cuando existan los siguientes problemas médicos: Hipervitaminosis A. El riesgo-beneficio deberá ser considerado cuando existan los siguientes problemas médicos: Hipersensibilidad a cualquiera de los componentes de la formula. Por presencia de vitamina A: Alcoholismo crónico, cirrosis, insuficiencia hepática, hepatitis viral: El uso de vitamina en estas condiciones puede potenciar la hepatotoxicidad; sin embargo, esta no puede aplicarse en casos de enfermedad crónica de hígado colestásico acompañado de malabsorción de vitamina A. Insuficiencia renal crónica: Concentraciones séricas de vitamina A son incrementadas. Por presencia de vitamina E: Hipoprotrombinemia debido a deficiencia de vitamina K.','FRASCO',1,'ML',213,'A',CURRENT_TIMESTAMP);
insert into products (id, name, description, price, prescription, precaution, side_effect, presentation, stock, unit_measure, subcategory_id, state, updated_at) values (8, 'Neurobion 5000 Gragea','',164.52,'PRESENTA RECETA','ADVERTENCIA Y PRECAUCIONES: No debe administrarse durante el embarazo y la lactancia. Informe a su médico la ocurrencia de un embarazo durante el transcurso del tratamiento o después de su término. Informar al médico si está dando de lactar. En los pacientes con anemia macrocítica, causada por deficiencia de factor intrínseco o gastrectomía, no debe interrumpirse bruscamente el tratamiento con NEUROBION® 5.000 grageas. Después de alcanzar valores hemáticos normales, la dosis de mantenimiento deberá establecerse individualmente, observándose un control continuo a través del hemograma. En los casos con compromiso del sistema nervioso podrá mantenerse las dosis iniciales, incluso después de normalización del cuadro sanguíneo, hasta que se obtenga una mejora del  estado neurológico. Hay reportes de neuropatía inducida por la vitamina B6 cuando es utilizada a dosis altas (por encima de 2 g/día) e incluso con dosis menores de 1 g/día. Para mayor información. Leer Inserto.','NEUROBION* 5.000 grageas no debe administrarse a pacientes con enfermedad de Parkinson que usan levodopa aislada y a personas con hipersensibilidad reconocida a cualquiera de los excipientes.','CAJA',60,'UN',172,'A',CURRENT_TIMESTAMP);
insert into products (id, name, description, price, prescription, precaution, side_effect, presentation, stock, unit_measure, subcategory_id, state, updated_at) values (9, 'Neurobion 10000 Solución Inyectable','',84.42,'PRESENTA RECETA','En casos aislados, se ha reportado que la administración continua de vitamina B6 (500mg diarios o más) durante un periodo superior a cinco meses pueden ocasionar cuadros de neuropatía periférica de tipo sensorial. ADVERTENCIAS: NEUROBION DC 10 000 contiene alcohol bencílico por lo que no debe usarse en lactantes y/o niños prematuros.','Hipersensibilidad a la vitamina B1.','CAJA',3,'UN',172,'A',CURRENT_TIMESTAMP);
insert into products (id, name, description, price, prescription, precaution, side_effect, presentation, stock, unit_measure, subcategory_id, state, updated_at) values (10, 'Bedoyecta Tri Solución Inyectable','',26.7,'PRESENTA RECETA','No existen restricciones de uso durante el embarazo y la lactancia. Las mujeres gestantes pueden requerir mayor cantidad de vitaminas que aquellas no embarazadas. Las vitaminas de BEDOYECTA Tri no han mostrado ser carcinogénicas, mutagénicas, teratogénicas o tener efectos sobre la fertilidad.','Hipersensibilidad a los componentes de la fórmula. Policitemia vera.','CAJA',1,'UN',172,'A',CURRENT_TIMESTAMP);
insert into products (id, name, description, price, prescription, precaution, side_effect, presentation, stock, unit_measure, subcategory_id, state, updated_at) values (11, 'Hidroxaneurin 10 000 10mg/2 mL Solución Inyectable','',18.8,'PRESENTA RECETA','Hable con su médico u otros profesionales de la salud antes de usar Hidroxaneurín10 000. Las reacciones alérgicas son muy raras. Es mejor evitar el uso intensivo deeste medicamento en pacientes con riesgo (por ejemplo, asma y eccema).La Hidroxocobalamina contiene un átomo de cobalto. Por tanto, es posible que lospacientes sensibles al cobalto desarrollen reacciones alérgicas.En caso de anemia, es importante realizar un diagnóstico antes de iniciar eltratamiento con vitamina B12; La administración inadecuada puede enmascararlos síntomas de la anemia perniciosa y permitir que el daño neurológico empeore.Dado que el color rojo oscuro de la molécula persiste durante varios días, lahidroxocobalamina puede interferir con determinadas pruebas de laboratorio.Debido al efecto de coloración rojo oscuro del plasma del paciente, existe laposibilidad de que las máquinas de hemodiálisis notifiquen pérdidas de sangre y sedetengan por error.Puede desarrollarse un episodio de hipertensión transitoria durante la perfusión.','Nunca use Hidroxaneurín 10 000Si es alérgico a la Hidroxocobalamina o la vitamina B12 o cualquiera de los demáscomponentes de este medicamento mencionados en la composición.Si no se ha determinado la naturaleza y la causa de la anemia que padece.','CAJA',1,'ML',172,'A',CURRENT_TIMESTAMP);
insert into products (id, name, description, price, prescription, precaution, side_effect, presentation, stock, unit_measure, subcategory_id, state, updated_at) values (12, 'Aneurin B12 20000, 20,000 mcg/2mL Solución Inyectable','',29.2,'PRESENTA RECETA','Antes de que le inyecten:Su médico puede probar si usted es alérgico a la cianocobalamina inyectando una pequeñacantidad debajo de la piel.Si tiene alguna de las siguientes enfermedades o afecciones médicas, debe informar a su médico.Su médico discutirá los riesgos y beneficios de usar la inyección de cianocobalamina si tienealguna de estas enfermedades o afecciones.Informe a su médico si ha sido alérgico a alguno de los ingredientes enumerados al final de esteprospecto.Informe a su médico si ha tenido alergia a otros medicamentos o a otras sustancias, tal comociertos alimentos, conservantes o colorantes.Si no le ha dicho a su médico acerca de cualquiera de estas condiciones, dígales antes de recibirla inyección de cianocobalamina.Es posible que necesite tratamiento médico si presenta algunos de los efectos secundarios. Pídalea su médico o farmacéutico que responda cualquier pregunta que pueda tener.Informe a su médico o enfermero lo antes posible si nota alguno de los siguientes síntomas y lepreocupaIrritación a la piel/o dolor alrededor del área de la inyección.Moretones alrededor del área de la inyecciónCualquier otra alergia levePor lo general, estos son efectos secundarios leves del uso de cianocobalamina, pero pueden sergraves.','No se administre la inyección de cianocobalamina si:Tiene alergia conocida a la cobalaminaSi ha tenido una reacción alérgica a la vitamina B12 antes, puede ser alérgico a la cianocobalamina.Está embarazada y esta diagnosticada con anemiamegaloblástica.Las cobalaminaspueden enmascarar los efectos dela anemia megaloblásticacausadapor ladeficiencia de folato. La deficienciade folato durante el embarazo es un riesgo de defectos denacimiento en su bebé. Debe tener la deficienciade vitamina B12 confirmada mediante análisisde sangre antes de usar la inyección de cianocobalamina para tratar la anemiamegaloblástica.No tiene un diagnóstico confirmado de que si la vitamina B12 pueda serútil.Está amamantandoun bebé. La vitamina B12 se distribuye en la lechematerna. Por lo tanto, nose recomiendaparalas madresque amamantana menosquelos beneficiosesperadosparalamadre superen cualquier riesgo potencial para elbebé.La solución del frasco no es transparente o contienepartículas.El empaque está roto o muestra signos dealteraciónLa fecha de vencimiento del envase pasó. Sitoma estemedicamento después de la fecha decaducidad, es posible que nofuncione.','CAJA',1,'ML',172,'A',CURRENT_TIMESTAMP);
insert into products (id, name, description, price, prescription, precaution, side_effect, presentation, stock, unit_measure, subcategory_id, state, updated_at) values (13, 'Neuro-Vit Tabletas Recubiertas','',232.6,'PRESENTA RECETA','Hipersensibilidad cruzada: Los individuos hipersensibles a otras cobalaminas (halladas naturalmente en los alimentos) pueden serlo también a la vitamina B12). Gestación y lactancia materna. - no se han documentado problemas en humanos con la ingesta de las cantidades recomendadas diarias normales. Sin embargo, la exposición a grandes cantidades de piridoxina in útero, puede producir un síndrome de dependencia de la piridoxina en el neonato. Categoría C de la FDA. Para mayor información. Leer inserto. ADVERTENCIAS: La vitamina B puede estimular el crecimiento de los tumores malignos, no se debe administrar a pacientes con tumor. La vitamina B6 acelera el metabolismo periférico de las drogas como levodopa rediciendo su eficacia. No debe administrarse piridoxina hidrocloruro en dosis mayores de 2mg/día en pacientes que reciban levodopa sola. La administración concomitante de carbidopa con levodopa previene este mecanismo. Para mayor información. Leer inserto.','Hipersensibilidad a alguno de los componentes del medicamento. Niños menores de 12 años. Durante el embarazo y lactancia no se debe utilizar Neuro-Vit a menos que sea claramente necesario. Excepto bajo circunstancias especiales, este medicamento no debe ser empleado cuando existan los siguientes problemas médicos: enfermedad de leber (ha ocurrido atrofia del nervio óptico rápidamente después de la administración de cianocobalamina; las concentraciones de cianocobalamina ya se encuentran elevadas). Debe considerase el riesgo/beneficio de su empleo cuando existan los siguientes problemas médicos: encefalopatía Wernicke (la carga intravenosa de glucosa puede precipitar o empeorar esta condición en pacientes deficientes de tiamina; debe administrarse tiamina antes de administrar la glucosa). Hipersensibilidad a la tiamina, piridoxina, cianocobalamina o hidroxicobalamina.','CAJA',100,'UN',172,'A',CURRENT_TIMESTAMP);
insert into products (id, name, description, price, prescription, precaution, side_effect, presentation, stock, unit_measure, subcategory_id, state, updated_at) values (14, 'Creliverol 12 500 Mcg Solución Oral','',26.3,'PRESENTA RECETA','Los individuos sensibles a otras cobalaminas (halladas en forma natural, en los alimentos) pueden ser, asimismo, sensibles a la vitaminaB12. No se han llevado a cabo estudios de carcinogenicidad en animales o en seres humanos. No se han documentado problemas en seres humanos en el curso del embarazo, la lactancia ni en población pediátrica y geriátrica. En caso de embarazo pregunte a su médico o farmacéutico antes de utilizar este producto No se aplicara, en ningún caso, como inyectable. ADVERTENCIAS:Respetar la dosis prescrita.  No tomar con alcohol, con antibióticos, ni con colchicina. No superar la dosis diaria expresamente recomendada. Los productos dietéticos no deben utilizarse como sustituto de una dieta equilibrada. No utilizar después de la fecha de expiración impresa en el envase.','Enfermedad de leber: se ha observado atrofia del nervio óptico rápidamente después de la administración de la vitamina  y en que las concentraciones de Cianocobalamina se hallan elevadas. Sensibilidad a cianocobalamina o a hidroxicobalamina.','FRASCO',1,'ML',172,'A',CURRENT_TIMESTAMP);
insert into products (id, name, description, price, prescription, precaution, side_effect, presentation, stock, unit_measure, subcategory_id, state, updated_at) values (15, 'Neurobion 1000 Solución Inyectable','',58.3,'PRESENTA RECETA','En casos aislados, se ha reportado que la administración continua de vitamina B6 (500 mg diarios o más) durante un período superior a 5 meses puede ocasionar cuadros de neuropatía periférica de tipo sensorial. ADVERTENCIAS: Neurobion® 1000 contiene Alcohol Bencílico en su fórmula, por lo que no debe usarse en lactantes y/o niños prematuros.','Neurobion® 1000 está contraindicado en pacientes con reconocida hipersensibilidad a la vitamina B1 o a cualquier otro componente del producto.','CAJA',3,'DSS',172,'A',CURRENT_TIMESTAMP);
insert into products (id, name, description, price, prescription, precaution, side_effect, presentation, stock, unit_measure, subcategory_id, state, updated_at) values (16, 'Aneurin Forte NF Tabletas Recubiertas','',181.299999999999,'PRESENTA RECETA','ADVERTENCIAS Y PRECAUCIONES: La vitamina B6 puede disminuir la eficacia de la L-Dopa, es aconsejable evitar la administración de Aneurin Forte NF en pacientes que están bajo tratamiento. A largo plazo (tratamiento de más de 5 meses) Aneurin Forte NF puede producir neuropatías sensoriales que dependen de una dosis elevada (500 mg/día) de vitamina B6.','Aneurin Forte NF está contra-indicado en pacientes que sin hipersensibles a las vitaminas B1, B6 y B12 o a los excipientes contenidos en la preparación, así como en pacientes con psoriasis (B12).','CAJA',100,'UN',172,'A',CURRENT_TIMESTAMP);
insert into products (id, name, description, price, prescription, precaution, side_effect, presentation, stock, unit_measure, subcategory_id, state, updated_at) values (17, 'Hidroxocobalamina Lusa 1mg/Ml Solución inyectable','',125,'PRESENTA RECETA','Los esquemas de dosificación mencionados anteriormente son por lo general satisfactorios, pero se recomienda realizar un examen sanguíneo de rutina. Si la anemia megaloblástica no responde a la hidroxocobalamina, se debe investigar el metabolismo del folato. Las dosis superiores a 10 mcg diarios pueden producir una respuesta hematológica en pacientes con deficiencia de folato. La administración indiscriminada puede enmascarar el diagnóstico correcto. El estado hematológico y neurológico debe monitorearse regularmente para garantizar la adecuación de la terapia. Se han reportado arritmias cardíacas secundarias a la hipocalemia durante el tratamiento inicial. ADVERTENCIAS ESPECIALES: Embarazo y Lactancia: Hidroxocobalamina no debe utilizarse para el tratamiento de la anemia megaloblástica en embarazo a menos que se haya demostrado una deficiencia de vitamina B12. Hidroxocobalamina se secreta en la leche materna, pero es poco probable que dañe al niño y puede ser beneficioso si la madre y el niño tienen deficiencia de la vitamina B12. Efectos sobre la capacidad para conducir y utilizar maquinaria Ninguno. Para mayor información. Leer Inserto.','Hipersensibilidad a cualquier componente de la preparación. Hidroxocobalamina no debe utilizarse para el tratamiento de la anemia megaloblástica de embarazo a menos que se haya demostrado una deficiencia de vitamina B12.','CAJA',25,'UN',172,'A',CURRENT_TIMESTAMP);
insert into products (id, name, description, price, prescription, precaution, side_effect, presentation, stock, unit_measure, subcategory_id, state, updated_at) values (18, 'Benalgin®1000 Solución Inyectable','',16,'PRESENTA RECETA','ADVERTENCIAS Y PRECAUCIONES: BENALGIN 1000 Solución inyectable debe ser inyectada únicamente de forma intramuscular (IM) y no intravenosa (IV) en el torrente sanguíneo. Una inyección aplicada accidentalmente por vía intravenosa deberá ser supervisada por el médico o requerirá supervisión bajo internamiento hospitalario, dependiendo del grado de severidad de los síntomas que se presenten. El medicamento puede causar neuropatías debido al empleo por un periodo mayor a seis meses. ADVERTENCIAS ESPECIALES: Embarazo y lactancia:  Durante el embarazo y lactancia, la ingesta diaria recomendada de vitamina B, es de 1,4 a 1,6 mg y de vitamina B6 es de 2,4  2,6 mg. Durante el embarazo estas dosis sólo podrán ser aumentadas si existe una deficiencia comprobada de vitaminas B1 Y B6 en la paciente, ya que aún no se ha establecido la seguridad del empleo en dosis más altas que las recomendadas diariamente. Las vitaminas B1 y B6 se excretan en la leche materna.  Para mayor información. Leer Inserto.','Hipersensibilidad al principio activo o a alguno de los excipientes. No se debe emplear el suplemento en trastornos graves de conducción e insuficiencia cardiaca aguda descompensada. Embarazo y lactancia: No hay objeciones para dosis diarias de vitamina B6 de hasta 25 mg. El suplemento contiene 100mg/ampolla de 2ml, por lo que no debe ser empleado en estos casos. Niños y personas mayores: BENALGIN 1000 Solución Inyectable no debe ser administrado a niños menores de 12 años debido a su elevada dosis de vitaminas presentes en BENALGIN 1000 Solución Inyectable. En el caso de personas mayores se requiere medida de precaución especial.','CAJA',1,'UN',172,'A',CURRENT_TIMESTAMP);
insert into products (id, name, description, price, prescription, precaution, side_effect, presentation, stock, unit_measure, subcategory_id, state, updated_at) values (19, 'Aneurín 1000 Solución Inyectable','',19.6,'PRESENTA RECETA','ADVERTENCIAS Y PRECAUCIONES: Después de una administración prolongada de dosis de más de 1 g diario de vitamina B6. Se pueden producir trastornos de sensibilidad. La vitamina B12 presente en Aneurin puede enmascarar anemia perniciosa. Por lo tanto, en casos de anemia se debe hacer primero un diagnóstico preciso antes de la administración de Aneurín. En caso de uso a largo plazo (6-12 meses) de una dosis media diaria superior a 50 mg de vitamina B6, se ha descrito casos de neuropatía  en la literatura. Es por ello que se recomienda aplicar vigilancia regular cuando se usa a largo plazo. Después de una interrupción repentina de la terapia con piridoxina (dosis diarias de 200 mg). Se pueden presentar síntomas de abstinencia. Población pediátrica: existe una experiencia limitada en niños y adolescentes. Por lo tanto. No se recomienda el uso de este medicamento en esta población. Embarazo no se estableció ningún riesgo. Para mayor información. Leer el inserto.','Hipersensibilidad a los principios activos o alguno de los excipientes. No se puede administrar Aneurín  simultáneamente  con levodopa.','CAJA',1,'UN',172,'A',CURRENT_TIMESTAMP);
insert into products (id, name, description, price, prescription, precaution, side_effect, presentation, stock, unit_measure, subcategory_id, state, updated_at) values (20, 'Aneurin 5000 Solución Inyectable','',19.7,'PRESENTA RECETA','ADVERTENCIAS Y PRECAUCIONES: La administración de ANEURIN 5000 debe realizarse exclusivamente por vía intramuscular. Antes de administrarse vitamina B12 en pacientes con sospecha de deficiencia de la misma debe confirmarse el diagnostico porque si una anemia megaloblástica es debida a déficit de folato podrían corregirse parcialmente las alteraciones hematológicas pero enmascararse el diagnóstico preciso. Al contrario los folatos pueden enmascarar la deficiencia de vitamina B12. Previamente al tratamiento con vitamina B12 y tras 5 -7 días de tratamiento se deben monitorear el recuento sanguíneo completo y las concentraciones séricas de vitamina B12 Y folato, y reticulocitos. En pacientes con anemia megaloblástica los niveles séricos de potasio se deben monitorizar durante las primeras 48 horas de tratamiento con cianocobalamina. Se requiere precaución en la administración de este medicamento. Para mayor información. Leer el inserto.','Hipersensibilidad a los principios activos a las cobalaminas (ej. hidroxocobalamina), al cobalto o a alguno de los excipientes. Tratamientos con levodopa. Pacientes con Enfermedad de Leber (atrofia hereditaria del nervio óptico) o ambliopía tabáquica, que podrían degenerar más. Debido a las altas dosis de vitaminas, especialmente de vitamina B12, ANEURIN 5000 está contraindicado en: Pacientes con insuficiencia renal o hepática. Embarazo y lactancia. Niños menores de 14 años.','CAJA',1,'UN',172,'A',CURRENT_TIMESTAMP);
insert into products (id, name, description, price, prescription, precaution, side_effect, presentation, stock, unit_measure, subcategory_id, state, updated_at) values (21, 'Benalgin 1000 Cápsula','',37.6,'PRESENTA RECETA','Cuando se administra de acuerdo a las necesidades y carencias de las tres vitaminas no presenta problemas médicos. ADVERTENCIAS: Interacciones medicamentosas y otras interacciones. el alcohol inhibe la absorción de la tiamina. La piridoxina incrementa la excreción de ciertas drogas (por ejemplo, cicloserina e isoniazida) que actúan como antagonistas de la piridoxina. Las siguientes drogas interactúan en combinaciones de vitaminas con la cianocobalamina: alcohol, aminosalicilatos o colchicina, especialmente en combinaciones con aminoglucósidos, antibióticos, ácido fólico. Para mayor información. Leer inserto.','Para la cianocobalamina la enfermedad de leber. Sensibilidad a la cianocobalamina o hidroxicobalamina. Para la Piridoxina: cicloserina o Etinoamida, Hidrolorgina. inmunosupresores tales como: adrenocorticoides, azathioprine, clorambucil, corticotropina (ATCH), ciclofosfamida, ciclosporina, mercaptopurina o isoniazida, penicilina, estrógenos o contraceptivos. Pacientes tratados con levodopa no deben recibir Vit. B6, porque esta disminuye el efecto de la levadopa. Para la tiamina: sensibilidad ala tiamina.','CAJA',24,'UN',172,'A',CURRENT_TIMESTAMP);
insert into products (id, name, description, price, prescription, precaution, side_effect, presentation, stock, unit_measure, subcategory_id, state, updated_at) values (22, 'Tres B 10000 Solución Inyectable','',18.4,'PRESENTA RECETA','ADVERTENCIAS Y PRECAUCIONES: No se han documentado problemas en humanos con respecto al embarazo, reproducción, lactancia, pediatría y geriatría con la ingesta diaria normal de las cantidades recomendadas. En casos aislados, se han reportado que la administración continua de vitamina B6 (500 mg diarios o más) durante un periodo superior a 5 meses puede ocasionar cuadros de neuropatía periférica de tipo sensorial. En la mayoría de los casos la administración parenteral solo es indicada cuando la administración oral no es aceptable (condiciones pre y post-quirúrgicas, náuseas-vómitos) o no es posible (síndromes de malabsorción). La administración debe ser intramuscular. Este medicamento contiene alcohol bencílico en su fórmula, por lo que no debe ser usado en lactantes y/o niños prematuros. Debe comunicarse con su médico o farmacéutico para cualquier aclaración sobre la utilización del producto y si presenta alguna reacción adversa que no estuviese descrita en el inserto. No utilizar después de la fecha de expira impresa en el envase.','Enfermedad de Lerber: Podría ocurrir atrofia del nervio óptico por la administración de Cianocobalamina. Encefalopatía de Wernicke: La administración de glucosa en pacientes con déficit de Tiamina puede precipitar o agravar esta condición, por lo que Tiamina debe administrarse antes que la glucosa. Hipersensibilidad a alguno de sus componentes (Vitamina B1).','CAJA',1,'ML',172,'A',CURRENT_TIMESTAMP);
insert into products (id, name, description, price, prescription, precaution, side_effect, presentation, stock, unit_measure, subcategory_id, state, updated_at) values (23, 'Benalgin 10 000 Solución Inyectable','',17.8,'PRESENTA RECETA','ADVERTENCIAS Y PRECAUCIONES: En casos aislados, se ha reportado que la administración continua de Vitamina B6 (500mg diarios o más) durante un periodo superior a 5 meses puede ocasionar cuadros de neuropatía periférica de tipo sensorial. Para mayor información. Leer Inserto.','Hipersensibilidad a la Vitamina B1.','CAJA',1,'UN',172,'A',CURRENT_TIMESTAMP);
insert into products (id, name, description, price, prescription, precaution, side_effect, presentation, stock, unit_measure, subcategory_id, state, updated_at) values (24, 'Provita C 10g/20mL Solución Inyectable','',76.6,'PRESENTA RECETA','Mantener fuera del alcance de los niños, El medicamento solo debe usarse hasta la fecha marcada en el envase, Almacénese de 2° C a 8° C. Para mayor información. Leer Inserto. ADVERTENCIAS: El ácido ascórbico excesivo puede precipitar acidosis urinaria, urato, cistina, oxalato u otros medicamentos en el tracto urinario. ProVita C generalmente se administra por vía oral. La inyección solo debe realizarse cuando la administración aguda u oral es difícil, es decir, la deficiencia de vitamina C debido a la malabsorción del intestino delgado y la nutrición parenteral artificial. Además, si la administración oral es posible y se considera que el efecto es suficiente, el tratamiento se cambia inmediatamente a la administración oral.','ProVita C no debe usarse cuando: Pacientes con reacción de hipersensibilidad a los ingredientes contenidos en el medicamento, Hiperoxaluria (excreción de exceso de urato en la orina), pacientes con anemia mediterránea, Pacientes con gota y cistinuria. Pacientes con deficiencia de glucosa-6-fosfato deshidrogenasa (G6PD): las dosis altas pueden causar hemólisis. Pacientes con cálculos renales: 1 g o más por día.','FRASCO',1,'ML',68,'A',CURRENT_TIMESTAMP);
insert into products (id, name, description, price, prescription, precaution, side_effect, presentation, stock, unit_measure, subcategory_id, state, updated_at) values (25, 'Raquiferol D3 600 000UI Solución Bebible','',21,'PRESENTA RECETA','ADVERTENCIA Y PRECAUCIONES: Embarazo: Problemas en humanos no se han documentado con la dosis normal diaria recomendad. No hay suficiente información sobre la toxicidad aguda y crónica de vitamina D en mujeres embarazadas. La hipercalcemia materna durante el embarazo en humanos puede estar asociada con una sensibilidad incrementada a los efectos de vitamina D, supresión de la función paratiroidea o un síndrome de facies peculiar (elfin), retardo mental y estenosis aortica congénita en infantes. La sobredosis de vitamina D se ha asociado con anormalidades fetales en animales. ADVERTENCIA: Es importante una adecuada nutrición, la suplementación puede ser necesaria debido a la administración de una dieta inadecuada. Es importante no administrar dosis mayores a la recomendada por su médico, debido al riesgo de toxicidad con sobredosis crónica. No utilizar las vitaminas como sustitutos de una dieta balanceada. Para mayor información. Leer Inserto.','Excepto bajo circunstancias especiales, no se debe usar este medicamento cuando existan los siguientes problemas médicos. Hipervitaminosis D. Hipercalcemia, osteodistrofia renal con hiperfosfatemia: Riego de calcificación metastasica; sin embargo, se puede empezar una terapia de vitamina D cuando los niveles de fosforo se estabilicen. El riesgo-beneficio deberá ser considerado cuando existan los siguientes problemas médicos: Arterioesclerosis, insuficiencia cardiaca: Esta condición puede ser exacerbadas debido a la posibilidad de hipercalcemia y concentraciones elevadas de colesterol sérico. Para mayor información. Leer Inserto.','FRASCO',1,'ML',17,'A',CURRENT_TIMESTAMP);
insert into products (id, name, description, price, prescription, precaution, side_effect, presentation, stock, unit_measure, subcategory_id, state, updated_at) values (26, 'Farma D 5000UI Cápsula Blanda','',72.7,'PRESENTA RECETA','PRECAUCIONES: La administración crónica o aguda de dosis excesivas puede conducir a la hipervitaminosis D, manifestada por la hipercalcemia y sus secuelas. El índice terapéutico de los análogos de la vitamina D es estrecho y hay una gran variación interindividual en la dosis que llevará a la toxicidad crónica. Las dosis diarias de colecalciferol que oscilan entre 50 000 y 100 000 UI (1,25 a 2,5 mg) en adultos y 1000 UI (25 ?g) en niños pueden provocar hipervitaminosis. Otros análogos de Vitamina D con una duración de acción más corta pueden tener una menor propensión a acumularse y causar hipercalcemia. ADVERTENCIAS ESPECIALES: FERTILIDAD, EMBARAZO Y LACTANCIA: Embarazo: No se ha establecido la seguridad de las dosis que superan las 400 UI (10 ?g) de vitamina D3 diarias durante el embarazo. La hipercalcemia materna, posiblemente causada por la ingesta excesiva de vitamina D durante el embarazo, se ha asociado con la hipercalcemia en los recién nacidos, que puede conducir al síndrome de estenosis aórtica supravalvular, cuyas características pueden incluir retinopatía, retraso mental o del crecimiento, estrabismo y otros efectos. Para mayor información. Leer Inserto.','FARMA D 5000UI Cápsula blanda no debe utilizarse en pacientes con: hipersensibilidad conocida a la vitamina D o a cualquiera de sus análogos y derivados, hipercalcemia, síndrome de malabsorción, sensibilidad anormal a los efectos tóxicos de la vitamina D, hipervitaminosis D.','CAJA',1,'UN',17,'A',CURRENT_TIMESTAMP);
insert into products (id, name, description, price, prescription, precaution, side_effect, presentation, stock, unit_measure, subcategory_id, state, updated_at) values (27, 'Hidroferol 0.266mg Cápsula Blanda','',84,'PRESENTA RECETA','ADVERTENCIAS Y PRECAUCIONES: Consulte a su médico antes de empezar a tomar Hidroferol 0,266 mg capsulas. No debe sobrepasar las cantidades diarias recomendadas de suplementos con vitamina D, como este medicamento, debido a que se podría producir una intoxicación (ver sección 3, apartado Si toma más Hidroferol 0,266 mg capsulas de lo que debe). Mientras esté tomando este medicamento o antes de empezar, es posible que su médico le indique realizarse análisis de sangre u orina para controlar sus niveles de calcio, fosforo y otros parámetros. Algunos pacientes con enfermedad del hígado pueden tener un menor efecto de este medicamento. Los pacientes con enfermedad del riñón requieren una especial precaución y deben ser especialmente vigilados por su médico, con la realización de análisis periódicos. Los pacientes con enfermedad del corazón requieren una especial precaución y deben ser supervisados frecuentemente por su médico para el control del calcio en sangre, especialmente los que esten en tratamiento con glucósidos cardiacos (ver en esta sección), apartado Toma de Hidroferol 0,266 mg cápsulas con otros medicamentos). Si padece hipoparatiroidismo (función insuficiente de la hormona paratiroidea) podría disminuir la acción de este medicamento. Para mayor información. Leer Inserto.','No tome hidroferol 0,266mg cápsulas: - si es alérgico al calcifediol o a alguno de los demos componentes de este medicamento (incluidos en la sección) 6). Si tiene hipercalcemia (cantidad de calcio en sangre por encima de 10,5 mg/di) o hipercalciuria (cantidad elevada de calcio en orina). Si padece formación de piedras (cálculos) de calcio. Si tiene hipervitaminosis D (exceso de vitamina D en el organismo).','CAJA',3,'UN',17,'A',CURRENT_TIMESTAMP);
insert into products (id, name, description, price, prescription, precaution, side_effect, presentation, stock, unit_measure, subcategory_id, state, updated_at) values (28, 'Systane Ultra Solución Oftálmica - Frasco 10 ML','',71.9,'VENTA LIBRE','No tocar ninguna superficie con la punta del gotero a fin de evitar contaminar el producto. Volver a tapar el envase después de cada uso. Advertencias: Para uso externo únicamente. No usar si el producto ha cambiado de color o se ha vuelto turbio.','Hipersensibilidad a cualquiera de los componentes de este producto.','FRASCO',1,'ML',17455,'A',CURRENT_TIMESTAMP);
insert into products (id, name, description, price, prescription, precaution, side_effect, presentation, stock, unit_measure, subcategory_id, state, updated_at) values (29, 'Fresh Tears 0.5% Solución Oftálmica - Frasco 15 ML','',67.6,'VENTA LIBRE','<p><span style="font-size: 13px;">ADVERTENCIAS Y PRECAUCIONES: Para no contaminar el envase no permita que la punta toque alguna superficie. Vuelva a cerrar el envase después de usar el producto. En caso de sentir dolor, algún cambio en su visión, enrojecimiento, irritación o si su condición empeora o persiste durante más de 72 horas, deje de usar le producto y consulte a su oftalmólogo. Si la solución cambia de color o se enturbia no lo use.</span><br></p>','<p><span style="font-size: 13px;">Hipersensibilidad al medicamento.</span><br></p>','FRASCO',1,'ML',17455,'A',CURRENT_TIMESTAMP);
insert into products (id, name, description, price, prescription, precaution, side_effect, presentation, stock, unit_measure, subcategory_id, state, updated_at) values (30, 'Freegen 0.5% Solución Oftálmica','',40.5,'VENTA LIBRE','Si al usar FREEGEN aparece una  ligera  visión borrosa pasajera , espere a que el producto se distribuya uniformemente en la superficie del ojo antes de conducir u operar maquinaria, tome la dosis que omitió tan pronto como lo recuerde, si parece por ejemplo dolor , disminución de la agudeza visual , enrojecimiento persistente , irritación o si los síntomas empeoran, suspende el uso de FREEGEN y consulte a un médico o farmacéutico. Informe a su médico o farmacéutico si usted tiene alguna condición médica, especialmente si presenta, o  sufre en otras enfermedades, es alérgico o  ha utilizado recientemente otros medicamentos(incluye los que usted se ha automedicado) o si está utilizando otros productos oftálmicos.Consulte a su médico o farmacéutico antes de utilizar FREEGEN durante el embarazo o lactancia.','En caso de hipersensibilidad conocida (alergia) a cualquiera de los componentes  de FREEGEN.','FRASCO',1,'ML',17455,'A',CURRENT_TIMESTAMP);
insert into products (id, name, description, price, prescription, precaution, side_effect, presentation, stock, unit_measure, subcategory_id, state, updated_at) values (31, 'Freegen Gel 1% Solución Oftálmica','',40.5,'VENTA LIBRE','Si aparece irritación, dolor, enrojecimiento y cambios en la visión o si los síntomas empeoran, se debe interrumpir el tratamiento y considerar una nueva valoración. Retirar los lentes de contacto de los ojos antes de cada aplicación, volviéndose a poner 15 minutos después de la misma. En caso de utilizar algún otro producto oftálmico se deberá administrar 15 minutos antes de instilar Freegen Gel. Para evitar la contaminación, el gotero no debe entrar en contacto con los ojos ni con cualquier otra superficie. Desechar el envase después de usar.','Hipersensibilidad al principio activo o alguno de los excipientes.','FRASCO',1,'ML',17455,'A',CURRENT_TIMESTAMP);
insert into products (id, name, description, price, prescription, precaution, side_effect, presentation, stock, unit_measure, subcategory_id, state, updated_at) values (32, 'Systalan Ultra Solución Oftálmica','',46.7,'VENTA LIBRE','ADVERTENCIAS Y PRECAUCIONES: Solo para uso externo. Cuando use este producto: No tocar ninguna superficie con la punta del gotero a fin de evitar contaminar el producto. Volver a tapar el envase después de cada uso. Descontinuar su uso y consultar al médico si es que: Siente dolor ocular. Ocurre cambios en la visión. El cuadro de enrojecimiento o irritación empeora, persiste o dura más de 72 horas.','No usar: Si el producto cambia de color o se vuelve turbio. Si es alérgico a alguno de los ingredientes de este producto.','FRASCO',1,'ML',17455,'A',CURRENT_TIMESTAMP);
insert into products (id, name, description, price, prescription, precaution, side_effect, presentation, stock, unit_measure, subcategory_id, state, updated_at) values (33, 'Humed 0.3% Lagrimas Artificiales Solución Oftálmica - Frasco 15 ML','',10.5,'VENTA LIBRE','Con el fin de ayudar a preservar la esterilidad del gotero no debe permitirse tocar los parpados o cualquier otra superficie. (etiqueta de advertencias: no toque el parpado con el gotero). Se debe advertir a los pacientes que si desarrollan cualquier otro malestar o posible reacción adversa que no estuviera descrita pedir consejo con su médico o farmacéutico inmediatamente para saber si pueden continuar con el tratamiento de humed 0.3% solución oftálmica.','Hipersensibilidad a algunos de los componentes de la preparación.','FRASCO',1,'ML',17455,'A',CURRENT_TIMESTAMP);
insert into products (id, name, description, price, prescription, precaution, side_effect, presentation, stock, unit_measure, subcategory_id, state, updated_at) values (34, 'Natutears Solución Oftálmica','',92.6,'VENTA LIBRE','ADVERTENCIAS Y PRECAUCIONES: El producto es solo para uso oftálmico. El producto es para un solo paciente. No utilice el producto si el envase está dañado o n o perfectamente cerrado cuando se abre por primera vez. Durante la aplicación no toque el ojo ni ninguna otra superficie con el borde de dispensación del contenedor. No utilizar en caso de intolerancia conocida a cualquiera de los componentes. En caso de efectos secundarios durante el uso interrumpir el tratamiento y consultar a un médico. No utilice el producto después de la fecha de caducidad indicada en el envase. La fecha de caducidad refiere al producto intacto y correctamente almacenado. Mantener fuera dela alcance de los niños.','No refiere.','FRASCO',1,'ml',17455,'A',CURRENT_TIMESTAMP);
insert into products (id, name, description, price, prescription, precaution, side_effect, presentation, stock, unit_measure, subcategory_id, state, updated_at) values (35, 'Hyalo Complex SP','',92,'VENTA LIBRE','','','FRASCO',1,'ML',17455,'A',CURRENT_TIMESTAMP);
insert into products (id, name, description, price, prescription, precaution, side_effect, presentation, stock, unit_measure, subcategory_id, state, updated_at) values (36, 'Hyalo Advance SP','',89.9,'PRESENTA RECETA','','','FRASCO',1,'ML',17455,'A',CURRENT_TIMESTAMP);
insert into products (id, name, description, price, prescription, precaution, side_effect, presentation, stock, unit_measure, subcategory_id, state, updated_at) values (37, 'Floril 0.03% Solución Oftálmica','',10.1,'VENTA LIBRE','ADVERTENCIAS Y PRECAUCIONES: Los pacientes que utilizan Nafazolina Clorhidrato 0,03% Solución Oftálmica, deben informarse que Ia irritación ocular o enrojecimiento es frecuentemente un signo de una enfermedad ocular grave y por lo tanto se debe consultar al oftalmólogo. Si se presenta un enrojecimiento agudo o parcial en un lado de los ojos, dolor de cabeza, visión borrosa o puntos que vuelan delante de los ojos, se debe consultar inmediatamente al oftalmólogo. Los pacientes con glaucoma deben consultar al médico antes de usar Nafazolina Clorhidrato 0,03% Solución oftálmica. Después de la administración de Nafazolina Clorhidrato 0,03% Solución Oftálmica, puede ocurrir en raras ocasiones una dilatación de las pupilas y visión borrosa. En estos casos, Ia capacidad para conducir un vehículo y operar maquinaria puede verse afectada. El uso prolongado y la sobredosis de Nafazolina Clorhidrato 0,03% Solución Oftálmica, debe evitarse. Para mayor información. Leer Inserto.','Nafazolina Clorhidrato 0,03% Solución Oftálmica, no debe utilizarse, en caso de hipersensibilidad a cualquiera de los ingredientes del producto, en glaucoma de ángulo cerrado, queratoconjuntivitis seca, en lactantes y en niños menores de 3 años así como durante el embarazo y Ia lactancia. El uso está indicado solo bajo un cuidadoso balance del beneficio - riesgo, en enfermedades cardiovasculares, como las enfermedades coronarias, hipertensión o feocromocitoma, trastornos metabólicos como el hipertiroidismo o diabetes mellitus, así como en pacientes que son tratados can medicamentos vasopresores (por ejemplo Inhibidores de la monoaminooxidasa). El uso en el caso de rinitis seca, está permitido solo bajo una cuidadosa evaluación del beneficio-riesgo y bajo supervisión médica.','FRASCO',1,'ML',17455,'A',CURRENT_TIMESTAMP);
insert into products (id, name, description, price, prescription, precaution, side_effect, presentation, stock, unit_measure, subcategory_id, state, updated_at) values (38, 'Systane Solución Oftálmica - Frasco 15 ML','',123.3,'VENTA LIBRE','Advertencias: Si la solución cambia de color o se vuelve turbia, no utilizar. Para evitar la contaminación, no toque la punta del envase con ninguna superficie. Volver a colocar la tapa después del uso. Mantener este y todos los medicamentos fuera del alcance de los niños. Almacenar a no más de 30°C.','Hipersensibilidad a cualquier ingrediente de este producto.','FRASCO',1,'ML',17455,'A',CURRENT_TIMESTAMP);
insert into products (id, name, description, price, prescription, precaution, side_effect, presentation, stock, unit_measure, subcategory_id, state, updated_at) values (39, 'Systane 0.4 % + 0.3 % Gel Oftálmico','',124.1,'VENTA LIBRE','Advertencias: Para uso externo únicamente. Cuando use este producto tener en cuenta las siguientes precauciones: no tocar ninguna superficie con la punta del envase para evitar posible contaminación. Tapar el frasco después de cada aplicación. Suspender el uso y consutar al médico si: siente dolor en el ojo, experimenta cambios en la visión, empeora el enrojecimiento o la irritación ocular, persiste o dura más de 72 horas.  Para mayor información. Leer inserto.','No usar: si este producto cambia de color o se vuelve turbio. Si es sensible a sus componentes.','FRASCO',1,'ML',17455,'A',CURRENT_TIMESTAMP);
insert into products (id, name, description, price, prescription, precaution, side_effect, presentation, stock, unit_measure, subcategory_id, state, updated_at) values (40, 'Visiver Fresh 0.0125% Solución Oftálmica - Frasco 15 ML','',14.7,'VENTA LIBRE','','','FRASCO',1,'ML',17455,'A',CURRENT_TIMESTAMP);
insert into products (id, name, description, price, prescription, precaution, side_effect, presentation, stock, unit_measure, subcategory_id, state, updated_at) values (41, 'Systalan Solución Oftálmica - Frasco 15 ML','',49.1,'VENTA LIBRE','ADVERTENCIAS Y PRECAUCIONES: No usar en caso de si este producto cambia de color o se enturbia; tampoco usar si se presenta hipersensibilidad a cualquiera de sus componente. Cuando use este producto no toque la punta del envase con ninguna superficie para evitar la contaminación. Se debe suspender su uso y preguntar al médico y/o farmacéutico si se presenta: dolor en los ojos, ocurren cambios en la visión, enrojecimiento o irritación del ojo (s) que empeora, persiste o dura más de 72 horas. Mantener fuera del alcance de los niños. En caso de ingestión, obtenga ayuda médica inmediatamente.','No refiere.','FRASCO',1,'ML',17455,'A',CURRENT_TIMESTAMP);
insert into products (id, name, description, price, prescription, precaution, side_effect, presentation, stock, unit_measure, subcategory_id, state, updated_at) values (42, 'Systane Balance Emulsión Oftálmica - Frasco 10 ML','',123.7,'VENTA LIBRE','Advertencias: Para uso externo. Cuando se usa este producto, se deberán tener en cuenta las siguientes precauciones: no tocar ninguna superficie con la punta del envase para evitar contaminación. Volver a tapar el envase después de cada uso. Discontinuar el uso del producto y consultar de inmediato con un médico, si: Se experimenta dolor ocular. Se experimentan cambios en la visión. El cuadro de enrojecimiento o irritación ocular empeora, persiste o dura más de 72 horas. Mantener fuera del alcance de los niños.','No usar: si este producto cambia de color. Si se es sensible a cualquiera de los componentes de este producto.','FRASCO',1,'ML',17455,'A',CURRENT_TIMESTAMP);
insert into products (id, name, description, price, prescription, precaution, side_effect, presentation, stock, unit_measure, subcategory_id, state, updated_at) values (43, 'Optive Fusión Solución Oftálmica','',95,'VENTA LIBRE','ADVERTENCIAS Y PRECAUCIONES: Suspender su uso y consulte a un médico si se experimenta dolor en los ojos, cambios en la visión, enrojecimiento o irritación ocular continua, o si la condición empeora o persiste por más de 72 horas. Manténganse fuera del alcance de los niños. En caso sea ingerido, obtenga ayuda médica inmediata o comuníquese con el centro de salud más cercano. Usar sólo si los sellos se encuentran intactos. Usar antes de la fecha de vencimiento indicada en el envase y caja del frasco.','Hipersensibilidad a cualquiera de los ingredientes de la formulación de Optive Fusion®. Sólo para uso externo. Para evitar contaminación o posible lesión ocular, no tocar la punta del frasco con ninguna superficie, ni con el ojo. Vuelva a colocar la tapa después de usar. No usar si la solución cambia de color o llega a estar turbia.','FRASCO',1,'UN',17455,'A',CURRENT_TIMESTAMP);
insert into products (id, name, description, price, prescription, precaution, side_effect, presentation, stock, unit_measure, subcategory_id, state, updated_at) values (44, 'Colirio Eyemo 0.05% Solucion oftálmica','',11.2,'VENTA LIBRE','ADVERTENCIAS Y PRECAUCIONES: Se debe evaluar la relación beneficio riesgo en: Pacientes con enfermedades cardiovasculares graves (ejemplo: enfermedades coronarias). Pacientes con feocromocitoma. Pacientes con alteraciones metabólicas (ejemplo: hipertiroidismo, diabetes mellitus). Pacientes bajo tratamiento con inhibidores de la MAO u otros elevadores potenciales de la presión arterial. Pacientes con rinitis seca y o queratoconjuntivitis. Hipertensión arterial. En caso de que el paciente utilice lentes de contacto, antes de la administración del medicamento se debe retirar. En algunas ocasiones, la irritación o el enrojecimiento es debido a infecciones oculares serias como infección, cuerpo extraño o traumatismo químico corneal, requiriendo la evaluación clínica. Se recomienda evaluar la situación clínica en mayores de 65 años. Como en el caso de otros productos oftálmicos existe la posibilidad de absorción sistémica. Para mayor información. Leer Inserto.','No administrar este medicamento en los siguientes casos: Hipersensibilidad al principio activo o a alguno de los excipientes. Pacientes con glaucoma de ángulo estrecho. Niños menores de 2 años.','FRASCO',1,'ML',17455,'A',CURRENT_TIMESTAMP);
insert into products (id, name, description, price, prescription, precaution, side_effect, presentation, stock, unit_measure, subcategory_id, state, updated_at) values (45, 'Optive Solución Oftálmica - Frasco 15 ML','',70.6,'VENTA LIBRE','ADVERTENCIAS Y PRECAUCIONES: Para no contaminar el envase no permita que la punta toque alguna superficie. En caso de sentir dolor, algún cambio en su visión, enrojecimiento, irritación ó si su condición empeora ó los síntomas persisten durante más de 72 horas, deje de usar el producto y consulte a su oftalmólogo. Si la solución cambia de color o se enturbia no la use.','OPTIVE® (glicerina y carboximetilcelulosa) solución oftálmica está contraindicada en pacientes con hipersensibilidad conocida a los componentes de la formula del producto.','FRASCO',1,'ML',17455,'A',CURRENT_TIMESTAMP);
insert into products (id, name, description, price, prescription, precaution, side_effect, presentation, stock, unit_measure, subcategory_id, state, updated_at) values (46, 'Asteross en ocuvial 0.5% Solución oftálmica','',64.4,'VENTA LIBRE','ADVERTENCIAS Y PRECAUCIONES: En caso de irritación, dolores, enrojecimiento, alteraciones de la visión o si las molestias se agravan, interrumpir la administración y consultar con su doctor.','Hipersensibilidad a Carmelosa sódica o a alguno de los excipientes de ASTEROSS EN ACUVIAL indicados.','CAJA',1,'un',17455,'A',CURRENT_TIMESTAMP);
insert into products (id, name, description, price, prescription, precaution, side_effect, presentation, stock, unit_measure, subcategory_id, state, updated_at) values (47, 'Biotears 0.3% - 0.1% Solución Oftálmica','',44.7,'VENTA LIBRE','ADVERTENCIAS Y PRECAUCIONES: Si presenta dolor ocular, visión borrosa, enrojecimiento o irritación persistente, o si los síntomas no mejoran dentro de los tres días, el paciente deberá suspender el uso de las gotas para los ojos y ponerse en contacto con su médico. Si la solución cambia de color o se vuelve turbia, no se debe utilizar por más tiempo.','Hipersensibilidad a los principios activos o a alguno de los excipientes.','FRASCO',1,'ML',17455,'A',CURRENT_TIMESTAMP);
insert into products (id, name, description, price, prescription, precaution, side_effect, presentation, stock, unit_measure, subcategory_id, state, updated_at) values (48, 'Aquol Fresh 0.0125 % Colirio Solución Oftálmica - Frasco 15 ML','',13.6,'VENTA LIBRE','','','FRASCO',1,'ML',17455,'A',CURRENT_TIMESTAMP);
insert into products (id, name, description, price, prescription, precaution, side_effect, presentation, stock, unit_measure, subcategory_id, state, updated_at) values (49, 'Akwagel free 1% Solución Oftálmica','',70,'PRESENTA RECETA','Advertencias y precaucionesSi utiliza lentes de contacto, éstas deben retirarse antes de usar AKWAGEL® FREE. Las lentes se pueden volver a poner 15 minutos después de su aplicación.Si se produce irritación, dolor, enrojecimiento o cambios en la visión o si considera que su situación empeora, deje de usar este medicamento y consulte a su médico o farmacéutico.Uso de AKWAGEL® FREE con otros medicamentosInforme a su médico o farmacéutico si está utilizando, ha utilizado recientemente o podría tener que utilizar cualquier otro medicamento.Embarazo, lactancia y fertilidadSi está embarazada, hable con su médico antes de usar este medicamento. Este medicamento contiene ácido bórico, que puede dañar al bebé.','No use AKWAGEL® FREE:Si es alérgico a la Carboximetilcelulosa Sódica o a cualquiera de los demás excipientes de este medicamento (incluidos en la sección 6).','FRASCO',1,'ML',17455,'A',CURRENT_TIMESTAMP);
insert into products (id, name, description, price, prescription, precaution, side_effect, presentation, stock, unit_measure, subcategory_id, state, updated_at) values (50, 'Floril office 0.05% Solución oftálmica','',12.4,'VENTA LIBRE','Preguntar a su médico antes de usar si usted tiene glaucoma de Angulo Cerrado. Cuando use este producto: No toque la punta del envase con ninguna superficie para evitar la contaminación. El uso excesivo puede producir el aumento del enrojecimiento del ojo. Las pupilas pueden agrandarse temporalmente. Se debe suspender su uso y preguntar al médico y/o farmacéutico si: Experimenta dolor ocular, cambio en la visión, continúa el enrojecimiento o irritación del ojo. Si su condición empeora o persiste por más de 72 horas. ADVERTENCIAS: Mantener fuera del alcance de los niños. En caso de ingestión, obtenga ayuda médica o contacte un centro de control de intoxicación enseguida.','No usar en caso la solución cambia de color o se enturbia.','FRASCO',1,'ML',17455,'A',CURRENT_TIMESTAMP);
insert into products (id, name, description, price, prescription, precaution, side_effect, presentation, stock, unit_measure, subcategory_id, state, updated_at) values (51, 'Qualitears Plus Solución Oftálmica - Frasco 15 ML','',65.5,'VENTA LIBRE','Sólo para uso ocular. No por inyección o ingestión. Si los pacientes experimentan dolores de cabeza, dolor ocular, cambios en la visión, enrojecimiento persistente o irritación de los ojos, o si la condición empeora o persiste durante más de 3 días, se va descontinuar el uso y consultar a un médico. Embarazo: No hay, o hay cantidad limitada de datos sobre el uso de Dextran 70 e hipromelosa en las mujeres embarazadas. Sin embargo, los componentes de dextran 70 y hipromelosa ejercen un efecto protector de la superficie y no son farmacológicamente activos. Los componentes no tienen expectativa de ser absorbidos sistémicamente, para demostrar cualquier toxicidad sistémica ni tener ningún efecto sobre la reproducción o el desarrollo embriofetal. Dextran 70 e hipromelosa puede utilizarse durante el embarazo. Para mayor Información. Leer inserto.','Hipersensibilidad a dextrano 70, hipromelosa o a cualquiera de los excipientes.','FRASCO',1,'ML',17455,'A',CURRENT_TIMESTAMP);
insert into products (id, name, description, price, prescription, precaution, side_effect, presentation, stock, unit_measure, subcategory_id, state, updated_at) values (52, 'Lagrimas artificiales Solución oftálmica','',25.6,'VENTA LIBRE','ADVERTENCIAS Y PRECAUCIONES: Solo para uso ocular. No par inyección o ingestión. Si los pacientes experimentan dolores de cabeza, dolor ocular, cambios en la visión, enrojecimiento persistente o irritación de los ojos, o si la condición empeora o persiste durante más de 3 días. Se va descontinuar el uso y consultar a un médico. Embarazo: No hay o cantidad limitada de datos provienen de la utilizaci6n de LAGRIMAS AR en las mujeres embarazadas. Sin embargo, los componentes de dextrano 70 y hipromelosa ejercer un efecto protector de la superficie y no son farmacológicamente activos. Los componentes no tienen expectativa de ser absorbidos sistémicamente, para demostrar cualquier toxicidad sistémica ni tener ningún efecto sobre la reproducción o el desarrollo embriofetal. LAGRIMAS AR puede utilizarse durante el embarazo. Lactancia: Se desconoce si dextrano 70, hipromelosa o cualquiera de los componentes son excretados en la leche humana. Sin embargo, la descontinuaci6n del uso del producto durante la lactancia no se considera necesaria. LAGRIMAS AR puede ser utilizado durante la lactancia. Para mayor información. Leer Inserto.','Hipersensibilidad a dextrano 70, hipromelosa o a cualquiera de los excipientes.','FRASCO',1,'ML',17455,'A',CURRENT_TIMESTAMP);
insert into products (id, name, description, price, prescription, precaution, side_effect, presentation, stock, unit_measure, subcategory_id, state, updated_at) values (53, 'Permeafilm 1.4% Solución Oftálmica Estéril','',30.4,'VENTA LIBRE','ADVERTENCIAS Y PRECAUCIONES: Si aparece irritación. Dolor. Enrojecimiento o cambios en la visión o si los síntomas del paciente empeoran o persisten durante más de 72 horas, se deberá interrumpir el tratamiento y considerar una nueva valoración. Para evitar contaminación, el gotero no debe entrar en contacto con el ojo o con cualquier otra superficie. Los lentes de contacto se deben quitar antes de cada aplicación y se deben volver a poner 15 minutos después. Este medicamento puede producir irritación ocular porque contiene cloruro de benzalconio. Evitar el contacto con lentes de contacto blandas. Retirar las lentes de contacto antes de la aplicación y esperar al menos 15 minutos antes de volver a colocarlas. Altera el color de las lentes de contacto blandas. La medicación ocular concomitante debe administrarse 5 minutos antes de la instilación de Permeafilm. En caso de sobredosis ocular lavar el ojo con agua o solución salina. Para mayor información. Leer Inserto.','Hipersensibilidad al principio activo o a alguno de los excipientes.','FRASCO',1,'ML',17455,'A',CURRENT_TIMESTAMP);
insert into products (id, name, description, price, prescription, precaution, side_effect, presentation, stock, unit_measure, subcategory_id, state, updated_at) values (54, 'Akwa Tears 1.4% Solución Oftálmica - Frasco 15 ML','',60.1,'VENTA LIBRE','ADVERTENCIAS: si le duelen los ojos, si presenta algún cambio en la visión, si se produce enrojecimiento o irritación, o si la condición empeora o persiste por más de 72 horas, consulte con su médico. No utilizar con lentes de contacto blandos. No se debe tocar la punta del gotero con la superficie del ojo, ya que se puede contaminar la solución. Si la solución cambia de color o se enturbia, descartar el frasco. Se recomienda desechar el contenido al mes de abierto el envase.','Hipersensibilidad a cualquiera de los componentes.','FRASCO',1,'ML',17455,'A',CURRENT_TIMESTAMP);
insert into products (id, name, description, price, prescription, precaution, side_effect, presentation, stock, unit_measure, subcategory_id, state, updated_at) values (55, 'Lubriyet 5mg/mL Solución oftálmica','',52.6,'VENTA LIBRE','ADVERTENCIAS Y PRECAUCIONES: Si la irritación, dolor, enrojecimiento o cambios en la visión ocurren o si siente que su enfermedad está empeorando, deje de tomar este medicamento y consulte a su médico o farmacéutico. Otros medicamentos y carboximetilcelulosa sódica. Por favor informe a su médico o farmacéutico si usted está usando, ha utilizado recientemente o podría utilizar cualquier otro medicamento, incluso medicamentos adquiridos sin prescripción médica. Si utiliza algún otro producto oftálmico, deberá administrarlo 15 minutos antes de instilar lubriyet 0.5% solucion oftálmica. Embarazo y lactancia: Puede utilizar lubriyet 0.5% solucion oftálmica si está embarazada y cuando está en periodo de lactancia. Conducción y uso de máquinas. Pueden causar visión borrosa temporal. Si usted experimenta visión borrosa temporal no conducir o utilizar maquinas hasta que su vista está clara. Para mayor información. Leer Inserto.','No utilice carboximetilcelulosa sódica. Si es hipersensible (alérgico) a carboximetilcelusa sódica o a cualquiera de los demás componentes de este medicamento.','FRASCO',1,'ML',17455,'A',CURRENT_TIMESTAMP);
insert into products (id, name, description, price, prescription, precaution, side_effect, presentation, stock, unit_measure, subcategory_id, state, updated_at) values (56, 'Manzanilla Sophia Solución Oftálmica','',13.5,'VENTA LIBRE','Conservar bien tapado el frasco. ADVERTENCIAS: No se deje al alcance de los niños. Consérvese a temperatura ambiente a no más de 30°C,','Hipersensibilidad a los componentes de la formula.','FRASCO',1,'ML',17455,'A',CURRENT_TIMESTAMP);
insert into products (id, name, description, price, prescription, precaution, side_effect, presentation, stock, unit_measure, subcategory_id, state, updated_at) values (57, 'Lagrimas Isotónicas 1.4% Solución oftálmica','',22.2,'VENTA LIBRE','ADVERTENCIAS Y PRECAUCIONES:  Solamente para uso en los ojos. Cuando use este producto evite que el gotero del frasco toque cualquier superficie para evitar contaminación. Se debe suspender su uso y pregunte al médico y/o farmacéutico si presenta: dolor en el ojo, cambios en la visión, enrojecimiento o irritación continúa del ojo. Si los síntomas empeoran o persisten por más de 72 horas. Mantenga fuera del alcance de los niños. Advertencias de sobredosis accidental: En caso de ingestión, obtenga ayuda médica inmediatamente.','No usar en caso la solución cambia de color o se vuelve turbia. No utilizar si usted es sensible a cualquiera de los componentes de este producto.','FRASCO',1,'ml',17455,'A',CURRENT_TIMESTAMP);
insert into products (id, name, description, price, prescription, precaution, side_effect, presentation, stock, unit_measure, subcategory_id, state, updated_at) values (58, 'Aquol Fresh Colirio Solución Oftálmica - Frasco 8 ML','',7,'VENTA LIBRE','','','FRASCO',1,'ML',17455,'A',CURRENT_TIMESTAMP);
insert into products (id, name, description, price, prescription, precaution, side_effect, presentation, stock, unit_measure, subcategory_id, state, updated_at) values (59, 'Humed-Bio 0.3% Solución Oftálmica - Frasco 15 ML','',27.2,'VENTA LIBRE','ADVERTENCIAS Y PRECAUCIONES: Para ayudar a preservar la esterilidad del producto, el gotero no debe tocar los parpados ni otra superficie.','Hipersensibilidad a cualquiera de los ingredientes.','FRASCO',1,'ML',17455,'A',CURRENT_TIMESTAMP);
insert into products (id, name, description, price, prescription, precaution, side_effect, presentation, stock, unit_measure, subcategory_id, state, updated_at) values (60, 'Lubrial  lubricante ocular Clase II','',69,'VENTA LIBRE','Este producto es exclusivamente  para uso oftálmico externoEl producto es para uso en un solo paciente.Una vez abierto, el envase podrá utilizarse durante un máximo de 28 días.No utilizar el envase si está dañado.No utilizar en caso de sensibilidad  a cualquiera de sus componentes.No utilizar después de la fecha de caducidad indicada en el envase.No tocar el ojo con la punta del envase.Tras su administración, puede observarse en raras ocasiones una leve visión borrosa transitoria a causa de la viscosidad de la solución.','','FRASCO',1,'ML',17455,'A',CURRENT_TIMESTAMP);
insert into products (id, name, description, price, prescription, precaution, side_effect, presentation, stock, unit_measure, subcategory_id, state, updated_at) values (61, 'Tears Naturale II Solución Oftálmica - Frasco 15 ML','',129.9,'VENTA LIBRE','Tenga especial cuidado!. Use solamente TEARS NATURALE II en sus ojos. Este medicamento está disponible sin receta médica. Sin embargo, usted necesita usar TEARS NATURALE II cuidadosamente para obtener sus mejores resultados. Embarazo y Lactancia. Si está embarazada o podría quedar embarazada o si está dando de lactar a un bebé, consulte a su médico antes de usar TEARS NATURALE II. Para mayor información. Leer inserto.','No usar TEARS NATURALE II: Si usted es alérgico al dextrán 70, Hipromelosa o alguno de los otros componentes. Si alguno de estos aplica, consultar a su médico para asesoramiento.','FRASCO',1,'ML',17455,'A',CURRENT_TIMESTAMP);
insert into products (id, name, description, price, prescription, precaution, side_effect, presentation, stock, unit_measure, subcategory_id, state, updated_at) values (62, 'Vita-Pos Ungüento oftálmico','',67.8,'VENTA LIBRE','','','TUBO',1,'G',17455,'A',CURRENT_TIMESTAMP);
insert into products (id, name, description, price, prescription, precaution, side_effect, presentation, stock, unit_measure, subcategory_id, state, updated_at) values (63, 'Akwa R 0.3% Solución Oftálmica Estéril - Frasco 20 ML','',68.3,'VENTA LIBRE','Embarazo/Reproducción/Lactancia: problemas en humanos no han sido reportados. Pediatría y Geriatría: estudios apropiados sobre la relación de la edad y los efectos de la Hipromelosa no han sido realizados en la población pediátrica y geriátrica. ADVERTENCIAS: Si la irritación persiste o aumenta, se debe discontinuar el tratamiento. No se debe tocar la punta del gotero con la superficie del ojo, ya que se puede contaminar la solución. Se recomienda desechar el contenido al mes de abierto el envase.','El Riesgo/Beneficio deberá ser considerado cuando exista el siguiente problema médico: sensibilidad a Hipromelosa.','FRASCO',1,'ML',17455,'A',CURRENT_TIMESTAMP);
insert into products (id, name, description, price, prescription, precaution, side_effect, presentation, stock, unit_measure, subcategory_id, state, updated_at) values (64, 'Systalan Solución oftálmica estéril','',117.2,'VENTA LIBRE','Formulaciones libre de preservantes son preferidas en pacientes con ojo seco severo o pacientes que utilizan colirio por enfermedad crónica. ADVERTENCIAS: Para evitar la contaminación, no tocar la punta del envase con ninguna superficie. No volver a utilizar. Una vez abierto, desechar. Si usted experimenta dolor ocular, cambios en la visión, enrojecimiento o irritación continua del ojo, o si la condición empeora o persiste por más de 72 horas, suspenda su uso y consulte a un médico. No usar, si la solución cambia de color o se enturbia.','Hipersensibilidad a cualquiera de los ingredientes del producto.','CAJA',1,'un',17455,'A',CURRENT_TIMESTAMP);
insert into products (id, name, description, price, prescription, precaution, side_effect, presentation, stock, unit_measure, subcategory_id, state, updated_at) values (65, 'Parche Opticlude Niño Nexcare - Caja 20 UN','',54.2,'VENTA LIBRE','Mantener fuera del alcance de los niños. Producto de un solo uso.','Ninguna.','CAJA',20,'UN',17436,'A',CURRENT_TIMESTAMP);
insert into products (id, name, description, price, prescription, precaution, side_effect, presentation, stock, unit_measure, subcategory_id, state, updated_at) values (66, 'Parche Opticlude Adulto Nexcare - Caja 20 UN','',55.2,'VENTA LIBRE','Mantener fuera del alcance de los niños. Producto de un solo uso.','Ninguna.','CAJA',20,'UN',17436,'A',CURRENT_TIMESTAMP);
insert into products (id, name, description, price, prescription, precaution, side_effect, presentation, stock, unit_measure, subcategory_id, state, updated_at) values (67, 'Air Optix Colors Miel','',115.5,'PRESENTA RECETA','PRECAUCIONES: Precauciones Especiales para el Profesional del Cuidado de la Visión: Al seleccionar un diseño de lente apropiado y parámetros, el profesional del cuidado de la visión debe tomar en consideración todas las características del lente que puedan afectar el desempeño de este y la salud ocular, incluyendo la permeabilidad de oxígeno, el espesor central y periférico y el diámetro de la zona óptica. Los lentes de prueba con propósitos de adaptación y diagnóstico deben ser desechados después de un solo uso y no ser reusados de paciente a paciente. ADVERTENCIAS: Los lentes de uso diario no están indicados para ser usados toda la noche. Los lentes de contacto blandos AIR OPTIX COLORS no deben usarse mientras se duerme. Los lentes de contacto, incluso si son usados por razones cosméticas, son dispositivos médicos que deben ser usados solo bajo la dirección y supervisión de un profesional del cuidado de la visión. Graves problemas oculares, incluyendo úlceras corneales (queratitis ulcerativa), pueden desarrollarse rápidamente y llevar a pérdida de visión. El uso de lentes de contacto aumenta el riesgo de infecciones oculares. Para mayor información. Leer Inserto.','Los lentes de contacto no deberían ser usados en conjunto con ciertas condiciones de salud y ambientales. Las condiciones que podrían prevenir o intervenir con el uso seguro de los lentes de contacto incluye: Alergia, inflamación, infección o irritación dentro o alrededor del ojo o párpados. Película lagrimal inadecuada (ojo seco). Hipoestesia corneal (sensibilidad corneal reducida). Uso de cualquier medicamento sistémico o tópico que esté contraindicado o que interfiera con el uso de lentes de contacto, incluyendo medicamentos oculares. Cualquier enfermedad sistémica que pueda ser exacerbada por, o que interfiera con un uso seguro de lentes de contacto. Cuando los ojos se enrojecen o se irritan. Consulte su profesional del cuidado de la visión específicamente con respecto a estas u otras condiciones.','CAJA',1,'UN',17454,'A',CURRENT_TIMESTAMP);
insert into products (id, name, description, price, prescription, precaution, side_effect, presentation, stock, unit_measure, subcategory_id, state, updated_at) values (68, 'Air Optix Colors Green','',115.5,'PRESENTA RECETA','PRECAUCIONES: Precauciones Especiales para el Profesional del Cuidado de la Visión: Al seleccionar un diseño de lente apropiado y parámetros, el profesional del cuidado de la visión debe tomar en consideración todas las características del lente que puedan afectar el desempeño de este y la salud ocular, incluyendo la permeabilidad de oxígeno, el espesor central y periférico y el diámetro de la zona óptica. Los lentes de prueba con propósitos de adaptación y diagnóstico deben ser desechados después de un solo uso y no ser reusados de paciente a paciente. ADVERTENCIAS: Los lentes de uso diario no están indicados para ser usados toda la noche. Los lentes de contacto blandos AIR OPTIX COLORS no deben usarse mientras se duerme. Los lentes de contacto, incluso si son usados por razones cosméticas, son dispositivos médicos que deben ser usados solo bajo la dirección y supervisión de un profesional del cuidado de la visión. Graves problemas oculares, incluyendo úlceras corneales (queratitis ulcerativa), pueden desarrollarse rápidamente y llevar a pérdida de visión. El uso de lentes de contacto aumenta el riesgo de infecciones oculares. Para mayor información. Leer Inserto.','Los lentes de contacto no deberían ser usados en conjunto con ciertas condiciones de salud y ambientales. Las condiciones que podrían prevenir o intervenir con el uso seguro de los lentes de contacto incluye: Alergia, inflamación, infección o irritación dentro o alrededor del ojo o párpados. Película lagrimal inadecuada (ojo seco). Hipoestesia corneal (sensibilidad corneal reducida). Uso de cualquier medicamento sistémico o tópico que esté contraindicado o que interfiera con el uso de lentes de contacto, incluyendo medicamentos oculares. Cualquier enfermedad sistémica que pueda ser exacerbada por, o que interfiera con un uso seguro de lentes de contacto. Cuando los ojos se enrojecen o se irritan. Consulte su profesional del cuidado de la visión específicamente con respecto a estas u otras condiciones.','CAJA',1,'UN',17454,'A',CURRENT_TIMESTAMP);
insert into products (id, name, description, price, prescription, precaution, side_effect, presentation, stock, unit_measure, subcategory_id, state, updated_at) values (69, 'Air Optix Colors Gris Intenso','',115.5,'PRESENTA RECETA','PRECAUCIONES: Precauciones Especiales para el Profesional del Cuidado de la Visión: Al seleccionar un diseño de lente apropiado y parámetros, el profesional del cuidado de la visión debe tomar en consideración todas las características del lente que puedan afectar el desempeño de este y la salud ocular, incluyendo la permeabilidad de oxígeno, el espesor central y periférico y el diámetro de la zona óptica. Los lentes de prueba con propósitos de adaptación y diagnóstico deben ser desechados después de un solo uso y no ser reusados de paciente a paciente. ADVERTENCIAS: Los lentes de uso diario no están indicados para ser usados toda la noche. Los lentes de contacto blandos AIR OPTIX COLORS no deben usarse mientras se duerme. Los lentes de contacto, incluso si son usados por razones cosméticas, son dispositivos médicos que deben ser usados solo bajo la dirección y supervisión de un profesional del cuidado de la visión. Graves problemas oculares, incluyendo úlceras corneales (queratitis ulcerativa), pueden desarrollarse rápidamente y llevar a pérdida de visión. El uso de lentes de contacto aumenta el riesgo de infecciones oculares. Para mayor información. Leer Inserto.','Los lentes de contacto no deberían ser usados en conjunto con ciertas condiciones de salud y ambientales. Las condiciones que podrían prevenir o intervenir con el uso seguro de los lentes de contacto incluye: Alergia, inflamación, infección o irritación dentro o alrededor del ojo o párpados. Película lagrimal inadecuada (ojo seco). Hipoestesia corneal (sensibilidad corneal reducida). Uso de cualquier medicamento sistémico o tópico que esté contraindicado o que interfiera con el uso de lentes de contacto, incluyendo medicamentos oculares. Cualquier enfermedad sistémica que pueda ser exacerbada por, o que interfiera con un uso seguro de lentes de contacto. Cuando los ojos se enrojecen o se irritan. Consulte su profesional del cuidado de la visión específicamente con respecto a estas u otras condiciones.','CAJA',1,'UN',17454,'A',CURRENT_TIMESTAMP);
insert into products (id, name, description, price, prescription, precaution, side_effect, presentation, stock, unit_measure, subcategory_id, state, updated_at) values (70, 'Dailies Aquacomfort Plus -02.00','',54.2,'PRESENTA RECETA','PRECAUCIONES: Precauciones Especiales para el Profesional del Cuidado de la Visión: Al seleccionar un diseño de lente apropiado y parámetros, el profesional del cuidado de la visión debe tomar en consideración todas las características del lente que puedan afectar el desempeño de este y la salud ocular, incluyendo la permeabilidad de oxígeno, el espesor de centro y periférico y el diámetro de la zona óptica. Los lentes de prueba para propósitos de diagnóstico y adaptación deberían ser descartados después de un solo uso y no ser reusados de paciente a paciente. ADVERTENCIAS: Los lentes de uso diario no están indicados para ser usados toda la noche. Los lentes nelfilcon A no deben ser usados mientras se duerme. Graves problemas oculares, incluyendo úlceras corneales (queratitis ulcerativa), pueden desarrollarse rápidamente y llevar a pérdida de visión. El uso de lentes de contacto aumenta el riesgo de infecciones oculares. Dormir con los lentes y/o fumar aumenta aún más el riesgo de queratitis ulcerativa en usuarios de lentes de contacto.1, 2. Si un paciente experimenta malestar ocular, sensación de cuerpo extraño, lagrimeo excesivo, cambios en la visión. Para mayor información. Leer Inserto.','Los lentes de contacto no deberían ser usados en conjunto con ciertas condiciones de salud o ambientales. Las condiciones que podrían prevenir o intervenir con el uso seguro de los lentes de contacto incluye: Alergia, inflamación, infección o irritación dentro o alrededor del ojo o párpados. Película lagrimal inadecuada (ojo seco). Hipoestesia corneal (sensibilidad corneal reducida). Uso de cualquier medicamento que esté contraindicado o interfiera con el uso de lentes de contacto, incluyendo medicamentos oculares. Cualquier enfermedad sistémica que pueda ser exacerbada por, o que interfiera con el uso de lentes de contacto. Cuando los ojos se enrojecen o se irritan. Consulte a su profesional de cuidado de la visión específicamente con respecto a estas u otras condiciones','CAJA',1,'UN',17454,'A',CURRENT_TIMESTAMP);
insert into products (id, name, description, price, prescription, precaution, side_effect, presentation, stock, unit_measure, subcategory_id, state, updated_at) values (71, 'Dailies Aquacomfort Plus -03.00','',54.2,'PRESENTA RECETA','PRECAUCIONES: Precauciones Especiales para el Profesional del Cuidado de la Visión: Al seleccionar un diseño de lente apropiado y parámetros, el profesional del cuidado de la visión debe tomar en consideración todas las características del lente que puedan afectar el desempeño de este y la salud ocular, incluyendo la permeabilidad de oxígeno, el espesor de centro y periférico y el diámetro de la zona óptica. Los lentes de prueba para propósitos de diagnóstico y adaptación deberían ser descartados después de un solo uso y no ser reusados de paciente a paciente. ADVERTENCIAS: Los lentes de uso diario no están indicados para ser usados toda la noche. Los lentes nelfilcon A no deben ser usados mientras se duerme. Graves problemas oculares, incluyendo úlceras corneales (queratitis ulcerativa), pueden desarrollarse rápidamente y llevar a pérdida de visión. El uso de lentes de contacto aumenta el riesgo de infecciones oculares. Dormir con los lentes y/o fumar aumenta aún más el riesgo de queratitis ulcerativa en usuarios de lentes de contacto.1, 2. Si un paciente experimenta malestar ocular, sensación de cuerpo extraño, lagrimeo excesivo, cambios en la visión. Para mayor información. Leer Inserto.','Los lentes de contacto no deberían ser usados en conjunto con ciertas condiciones de salud o ambientales. Las condiciones que podrían prevenir o intervenir con el uso seguro de los lentes de contacto incluye: Alergia, inflamación, infección o irritación dentro o alrededor del ojo o párpados. Película lagrimal inadecuada (ojo seco). Hipoestesia corneal (sensibilidad corneal reducida). Uso de cualquier medicamento que esté contraindicado o interfiera con el uso de lentes de contacto, incluyendo medicamentos oculares. Cualquier enfermedad sistémica que pueda ser exacerbada por, o que interfiera con el uso de lentes de contacto. Cuando los ojos se enrojecen o se irritan. Consulte a su profesional de cuidado de la visión específicamente con respecto a estas u otras condiciones','CAJA',1,'UN',17454,'A',CURRENT_TIMESTAMP);
insert into products (id, name, description, price, prescription, precaution, side_effect, presentation, stock, unit_measure, subcategory_id, state, updated_at) values (72, 'Solución de Limpieza para Lentes de Contacto Blandos Multi- 3 Plus con Aquazym - Frasco 360 ML','',59.6,'VENTA LIBRE','No tocar el gotero para evitar contaminación. Mantener el frasco cerrado cuando no lo use. Consultar con su especialista para cualquier recomendación. Conservar a temperatura ambiente. ADVERTENCIAS: No usar para casos de desinfección térmica. Eliminar la solución luego de 90 días de abierto el frasco. Mantener alejado de los niños.','No refiere.','FRASCO',1,'ML',17453,'A',CURRENT_TIMESTAMP);
insert into products (id, name, description, price, prescription, precaution, side_effect, presentation, stock, unit_measure, subcategory_id, state, updated_at) values (73, 'Multi-3 Plus con  Aquazym Solución multipropósito','',27.5,'VENTA LIBRE','No tocar el gotero para evitar contaminación. Mantener el frasco cerrado cuando no lo use. Consultar con su especialista para cualquier recomendación. Conservar a temperatura ambiente. ADVERTENCIAS: No usar para casos de desinfección térmica. Eliminar la solución luego de 90 días de abierto el frasco. Mantener alejado de los niños.','No refiere.','FRASCO',1,'ML',17453,'A',CURRENT_TIMESTAMP);
insert into products (id, name, description, price, prescription, precaution, side_effect, presentation, stock, unit_measure, subcategory_id, state, updated_at) values (74, 'Multi-3 plus Solución multipropósito','',14.4,'VENTA LIBRE','Utilizar solución fresca de Multi-3 Plus solución multipropósito en cada paso de las instrucciones. Mantener el frasco cerrado cuando no lo use. No tocar el gotero para evitar contaminar el producto. Conservar a temperatura ambiente. Se recomienda cambiar el estuche de lentes cada 3 - 4 meses. ADVERTENCIAS: Seguir cuidadosamente las instrucciones y precauciones indicadas para un adecuado mantenimiento de sus lentes de contacto blandos. No usar para casos de desinfección térmica. Si se presenta cualquier molestia o irritación, retirarse el lente y consultar con su especialista. Verificar que el sello de seguridad del envase esté intacto antes de su apertura. Eliminar la solución luego de 90 días de abierto el frasco. Mantener alejado de los niños.','Multi-3 Plus solución multipropósito, está contraindicado en personas sensibles a cualquier componente del producto.','FRASCO',1,'ML',17453,'A',CURRENT_TIMESTAMP);
insert into products (id, name, description, price, prescription, precaution, side_effect, presentation, stock, unit_measure, subcategory_id, state, updated_at) values (75, 'Solución de Limpieza para Lentes de Contacto Blandos Multi- 3 Max Hidrazym - Frasco 60 ML','Múltiple acción limpia, enjuaga, desinfecta, conserva, lubrica e hidrata, elimina proteínas.',16.4,'VENTA LIBRE','No tocar el gotero para evitar contaminación. Mantener el frasco cerrado cuando no lo use. Consultar con su especialista para cualquier recomendación. Conservar a temperatura ambiente menor a 30°C y protegido de la luz solar. ADVERTENCIAS: no usar para casos de desinfección térmica. Eliminar la solución luego de 90 días de abierto el frasco. Mantener alejado de los niños.','No refiere.','FRASCO',1,'ML',17453,'A',CURRENT_TIMESTAMP);

insert into profiles (id, name, state, created_at) values (1, 'Administrador sistema','A', CURRENT_TIMESTAMP);
insert into profiles (id, name, state, created_at) values (2, 'Administrador','A', CURRENT_TIMESTAMP);
insert into profiles (id, name, state, created_at) values (3, 'Editor','A', CURRENT_TIMESTAMP);
insert into profiles (id, name, state, created_at) values (4, 'Consulta','A', CURRENT_TIMESTAMP);
insert into profiles (id, name, state, created_at) values (5, 'Invitado','A', CURRENT_TIMESTAMP);

insert into document_types (id,name,description,sunat_code,size,is_size_exact,is_numeric,state,created_at) values (1,'DNI','DOCUMENTO NACIONAL DE IDENTIDAD','01',8,1,1,'A',CURRENT_TIMESTAMP);
insert into document_types (id,name,description,sunat_code,size,is_size_exact,is_numeric,state,created_at) values (2,'RUC','REG. UNICO DE CONTRIBUYENTES','06',11,1,1,'A',CURRENT_TIMESTAMP);
insert into document_types (id,name,description,sunat_code,size,is_size_exact,is_numeric,state,created_at) values (3,'CARNET EXT.','CARNET DE EXTRANJERIA','04',12,0,0,'A',CURRENT_TIMESTAMP);
insert into document_types (id,name,description,sunat_code,size,is_size_exact,is_numeric,state,created_at) values (4,'PASAPORTE','PASAPORTE','07',12,0,0,'A',CURRENT_TIMESTAMP);
insert into document_types (id,name,description,sunat_code,size,is_size_exact,is_numeric,state,created_at) values (5,'P. NAC.','PART. DE NACIMIENTO-IDENTIDAD','11',15,0,0,'A',CURRENT_TIMESTAMP);
insert into document_types (id,name,description,sunat_code,size,is_size_exact,is_numeric,state,created_at) values (6,'OTROS','OTROS DOCUMENTOS','00',15,0,0,'A',CURRENT_TIMESTAMP);
insert into document_types (id,name,description,sunat_code,size,is_size_exact,is_numeric,state,created_at) values (7,'LIB. MILITAR','LIBRETA MILITAR','98',9,1,1,'A',CURRENT_TIMESTAMP);

insert into clients (id,name,last_name,document_type_id,document_number,phone_number,address,state,created_at) values (1, 'Blanca', 'Torres Rotta', 1, '25874136', '+51147369852', 'Av. Avancay Nro 752 - Lima', 'A', CURRENT_TIMESTAMP);
insert into clients (id,name,last_name,document_type_id,document_number,phone_number,address,state,created_at) values (2, 'Lourdes', 'Vasquez Buitron', 1, '81878136', '+51457361152', 'Av. Canada Nro 225 - La Victoria - Lima', 'A', CURRENT_TIMESTAMP);
insert into clients (id,name,last_name,document_type_id,document_number,phone_number,address,state,created_at) values (3, 'Ana Isabel', 'Llanos Angeles', 1, '44874199', '+51907369852', 'Jr. Huanuco Nro 364 - Barrios Altos - Lima', 'A', CURRENT_TIMESTAMP);
insert into clients (id,name,last_name,document_type_id,document_number,address,state,created_at) values (4, 'Ivana', 'Raya Guerrero', 1, '96874191', 'Jr. Ucayali Nro 164 - Lima', 'A', CURRENT_TIMESTAMP);
insert into clients (id,name,last_name,document_type_id,document_number,phone_number,state,created_at) values (5, 'Jimena', 'La Puente', 3, '99872299', '+44107369852', 'A', CURRENT_TIMESTAMP);


